,GU,DONG,DONG_CODE,ACADEMY_NUM,KINDER_NUM,FIRE_NUM,ELE_SCH_NUM,MID_SCH_NUM,HIGH_SCH_NUM,CCTV_NUM,POLICE_NUM,BIKE_NUM,CAR_SHR_NUM,SUBWAY_NUM,SAFE_DLVR_NUM,DPTM_NUM,ANI_HSPT_NUM,PHARM_NUM,LEISURE_NUM,KIDS_NUM,SPORT_NUM,GYM_NUM,GOLF_NUM,STARBUCKS_NUM,MC_NUM,CON_NUM,NOISE_VIBRATION_NUM,CHILD_MED_NUM,CAFE_NUM,PARK_NUM,HOSPITAL_NUM,BUS_CNT,VEGAN_CNT,RETAIL_NUM,COLIVING_NUM,MZ_POP_CNT
0,ì¢ë¡êµ¬,ì²­ì´í¨ìë,1111051500,18,0,1,2,2,3,56.66666667,2,5.666666667,1,0.333333333,1,0,2,4.333333333,1,0,0,0,0,0.333333333,0,4,18816,7.333333333,39.66666667,1.666666667,11.66666667,14,5,0,0,3210
1,ì¢ë¡êµ¬,ì¬ì§ë,1111053000,19,10,0,2,0,0,41.66666667,3,11.66666667,5,1.333333333,0,0,1,17.33333333,1,0,0,18,3,7.333333333,0,20,22848,10.33333333,100.6666667,2.666666667,74.66666667,16,8,2,1,2749
2,ì¢ë¡êµ¬,ì¼ì²­ë,1111054000,2,10,0,0,1,1,22,1,7,1,1,0,0,0,2,0,0,1,3,0,1,0,2,14112,1,52,1,7,11,6,0,0,684
3,ì¢ë¡êµ¬,ë¶ìë,1111055000,24,0,1,4,1,1,41,1,5,5,0,0,0,3,1,0,0,0,2,2,0,0,8,6048,5,30,1,4,9,1,0,0,2585
4,ì¢ë¡êµ¬,íì°½ë,1111056000,28,0,0,0,0,1,21,1,7,0,0,0,0,0,5,0,0,0,5,5,1,0,6,4032,10,36,0,14,37,2,0,0,4597
5,ì¢ë¡êµ¬,ë¬´ìë,1111057000,20,10,0,2,0,0,13,0,3,1,0,0,0,0,5,0,0,0,0,1,0,0,2,2016,3,10,0,5,5,1,0,0,1822
6,ì¢ë¡êµ¬,êµë¨ë,1111058000,20,30,0,0,2,2,9,1,5,0,1,0,0,1,17,0,1,0,2,0,4,0,8,12096,6,18,0,20,13,1,0,0,2843
7,ì¢ë¡êµ¬,ê°íë,1111060000,2,0,0,2,1,2,33,0,4,0,0,0,0,0,1,1,0,0,1,0,2,0,8,8064,3,53,0,8,9,6,0,0,1038
8,ì¢ë¡êµ¬,ì¢ë¡1.2.3.4ê°ë,1111061500,101.5,50,4,4,0,0,78.66666667,3,28.16666667,18,4.333333333,0,0,0,46.33333333,4,1,0,10,5,13.33333333,1,55,56112,20.33333333,243.1666667,1.666666667,155.6666667,48,26.5,18,3,2370
9,ì¢ë¡êµ¬,ì¢ë¡5.6ê°ë,1111063000,7,20,0,2,0,0,38,2,8,0,2,0,0,0,33,0,0,0,0,0,0,0,0,10080,33,62,0,84,11,1,6,0,2125
10,ì¢ë¡êµ¬,ì´íë,1111064000,8,0,1,2,1,0,35,1,4,7,0,0,0,0,11,0,0,0,3,1,4,1,8,6048,5,59,2,13,12,9,0,0,3198
11,ì¢ë¡êµ¬,ííë,1111065000,40.5,0,0,2,3,4,72,2,9.5,2,1,1,0,1,18,3,0,0,5,0,2,1,17,11088,28,70.5,0,27,9,6.5,0,0,8656
12,ì¢ë¡êµ¬,ì°½ì 1ë,1111067000,4.333333333,0,0,1.333333333,0,0.333333333,13,0.666666667,2.666666667,0,0.666666667,0.333333333,0,0.333333333,4.666666667,0,0,0,1,0.333333333,0,0.333333333,4.666666667,672,9.666666667,12,0,16.66666667,5,0.666666667,2,0,1586
13,ì¢ë¡êµ¬,ì°½ì 2ë,1111068000,4.333333333,0,0,1.333333333,0,0.333333333,13,0.666666667,2.666666667,0,0.666666667,0.333333333,0,0.333333333,4.666666667,0,0,0,1,0.333333333,0,0.333333333,4.666666667,672,9.666666667,12,0,16.66666667,2,0.666666667,2,0,2748
14,ì¢ë¡êµ¬,ì°½ì 3ë,1111069000,4.333333333,0,0,1.333333333,0,0.333333333,13,0.666666667,2.666666667,0,0.666666667,0.333333333,0,0.333333333,4.666666667,0,0,0,1,0.333333333,0,0.333333333,4.666666667,672,9.666666667,12,0,16.66666667,3,0.666666667,2,0,1928
15,ì¢ë¡êµ¬,ì­ì¸1ë,1111070000,8,5,0.5,0,0,0,17.5,0.5,2,2,1,1,0,1,3.5,1.5,0,0,2.5,1,0.5,0,9,1008,10.5,10.5,0.5,14,7,1.5,3,1,1681
16,ì¢ë¡êµ¬,ì­ì¸2ë,1111071000,8,5,0.5,0,0,0,17.5,0.5,2,2,1,1,0,1,3.5,1.5,0,0,2.5,1,0.5,0,9,1008,10.5,10.5,0.5,14,6,1.5,3,0,4198
17,ì¤êµ¬,ìê³µë,1114052000,8.5,10,0,2,1,2.5,81,1,8,8.5,2,0,1.5,0,15,0,0,0,6.5,3,9,0,48,10070,20.5,113,0,63.5,24,22,3,3,1093
18,ì¤êµ¬,ííë,1114054000,1.5,20,0.5,0,0,0.5,94,2.5,13,7.5,3,0,0.5,0,16,0,0,0,5,0,9.5,0,41,6890,18.5,111.5,2,64.5,21,12.5,17,1,1187
19,ì¤êµ¬,ëªë,1114055000,16,0,0.5,4,0,0.5,120.5,3.5,26,7,1,1,1,0,36,1,0,0,18,3,18.5,3,88,21730,44,274,0.5,150,32,36,12,3,1223
20,ì¤êµ¬,íë,1114057000,7,0,1,3,0,0.5,98.5,1.5,7,4.5,2.5,1,0,2,7,1,0,0.5,2.5,1,2.5,0,35,9010,13.5,89,0.5,22.5,4,6.5,1,4,1961
21,ì¤êµ¬,ì¥ì¶©ë,1114058000,2.5,0,0,1,0,0,59,0.5,3.5,2,0.5,1,0,0.5,2,0,0,0.5,0,0,1,0,10,2120,4,21,0,6,9,2,0,0,2400
22,ì¤êµ¬,ê´í¬ë,1114059000,3.5,0,0,0,1,0,91,0,5.5,5.5,3,0,0,0.5,14,5,1,0,1,2,3.5,0,40,9540,19.5,130.5,0,36.5,16,8,21,4,2609
23,ì¤êµ¬,ìì§ë¡ë,1114060500,1,0,0,0,0,0,57,2,5,2,5,0,0,3,18,1,0,0,2,3,3,0,36,10600,28,112,1,46,14,7,6,0,664
24,ì¤êµ¬,ì ë¹ë,1114061500,15.66666667,3.333333333,3.333333333,2,0.833333333,1.833333333,74.5,0.5,2.333333333,5.166666667,2,0.833333333,0,1.5,11.5,0,0.166666667,0,6.333333333,1.333333333,2.166666667,0,24.83333333,2296.666667,27.83333333,39.33333333,0,35.83333333,17,0.833333333,8.666666667,1,3604
25,ì¤êµ¬,ë¤ì°ë,1114062500,15.66666667,3.333333333,0.333333333,2,0.833333333,0.833333333,53.5,0.5,2.333333333,2.166666667,1,0.833333333,0,1.5,6.5,0,0.166666667,0,3.333333333,0.333333333,0.166666667,0,14.83333333,176.6666667,20.83333333,24.33333333,0,21.83333333,3,0.833333333,6.666666667,0,4723
26,ì¤êµ¬,ì½ìë,1114063500,15.66666667,3.333333333,0.333333333,2,0.833333333,0.833333333,53.5,0.5,2.333333333,2.166666667,1,0.833333333,0,1.5,6.5,0,0.166666667,0,3.333333333,0.333333333,0.166666667,0,14.83333333,176.6666667,20.83333333,24.33333333,0,21.83333333,5,0.833333333,6.666666667,0,4376
27,ì¤êµ¬,ì²­êµ¬ë,1114064500,15.66666667,3.333333333,0.333333333,2,0.833333333,0.833333333,53.5,0.5,2.333333333,2.166666667,1,0.833333333,0,1.5,6.5,0,0.166666667,0,3.333333333,0.333333333,0.166666667,0,14.83333333,176.6666667,20.83333333,24.33333333,0,21.83333333,1,0.833333333,6.666666667,0,4094
28,ì¤êµ¬,ì ë¹5ë,1114065000,15.66666667,3.333333333,0.333333333,2,0.833333333,0.833333333,53.5,0.5,2.333333333,2.166666667,1,0.833333333,0,1.5,6.5,0,0.166666667,0,3.333333333,0.333333333,0.166666667,0,14.83333333,176.6666667,20.83333333,24.33333333,0,21.83333333,4,0.833333333,6.666666667,0,3531
29,ì¤êµ¬,ëíë,1114066500,15.66666667,3.333333333,0.333333333,2,0.833333333,0.833333333,53.5,0.5,2.333333333,2.166666667,1,0.833333333,0,1.5,6.5,0,0.166666667,0,3.333333333,0.333333333,0.166666667,0,14.83333333,176.6666667,20.83333333,24.33333333,0,21.83333333,1,0.833333333,6.666666667,0,2712
30,ì¤êµ¬,í©íë,1114067000,3,20,0,0,0,0,60,0,1,2,0,0,0,3,10,4,1,0,6,3,1,0,16,1060,7,21,0,23,6,2,6,0,5397
31,ì¤êµ¬,ì¤ë¦¼ë,1114068000,12,0,0,2,1,1,95,1,8,4,0,0,0,1,8,0,0,0,2,0,0,0,16,4240,14,25,1,20,7,2,2,0,3607
32,ì©ì°êµ¬,íìë,1117051000,28,10,1,4,0,0,24,1,2,3,0,0,0,2,7,0,0,0,1,1,0,0,16,1625,5,14,0,18,11,2,0,1,5338
33,ì©ì°êµ¬,ì©ì°2ê°ë,1117052000,5,0,0,2,2,2,34,0,6,2,1,0,0,2,4,2,0,0,1,0,1,0,20,3250,1,15,0,7,12,3,0,0,3895
34,ì©ì°êµ¬,ë¨ìë,1117053000,17,0,0,0,0,0,13,0,6,7,4,1,0,0,13,3,1,0,8,3,5,1,28,6500,4,43,0,42,7,4,2,1,2196
35,ì©ì°êµ¬,ì²­íë,1117055500,11,0,0,4,3,3,35,0,4,7,0,1,0,1,10,0,0,0,4,3,3,0,22,6500,1,57,0,17,15,6,2,0,7824
36,ì©ì°êµ¬,ìí¨ë¡1ë,1117056000,24,20,0,2,0,0,16,1,9,4,0,1,0,3,7,1,0,0,6,3,1,0,18,6500,5,26,0,22,16,0,2,1,6330
37,ì©ì°êµ¬,ìí¨ë¡2ë,1117057000,26,10,0,2,1,1,24,0,7,2,0,0,0,2,4,0,0,0,1,3,0,0,16,8125,1,16,0,5,10,0,0,0,4038
38,ì©ì°êµ¬,í¨ì°½ë,1117058000,22,20,0,2,0,0,13,0,2,1,2,2,0,2,5,0,0,0,1,0,1,0,10,1625,2,8,1,12,11,2,0,0,3425
39,ì©ì°êµ¬,ì©ë¬¸ë,1117059000,21,10,0,0,0,0,12,0,1,3,0,0,0,1,3,0,0,0,0,0,0,0,8,3250,2,13,0,14,8,1,0,0,3762
40,ì©ì°êµ¬,íê°ë¡ë,1117062500,11,50,3,4,0,1,36,2,23,13,6,0,1,2,24,4,4,0,8,4,6,0,38,8125,3,120,0,67,24,6,28,0,8937
41,ì©ì°êµ¬,ì´ì´1ë,1117063000,22,20,0.5,1,0.5,0.5,14,0,5.5,0.5,0.5,0,0,2,6.5,0,0,1.5,3,2,1,0,7,812.5,4.5,8.5,0,22.5,11,1.5,1,0,6072
42,ì©ì°êµ¬,ì´ì´2ë,1117064000,22,20,0.5,1,0.5,0.5,14,0,5.5,0.5,0.5,0,0,2,6.5,0,0,1.5,3,2,1,0,7,812.5,4.5,8.5,0,22.5,7,1.5,1,0,2228
43,ì©ì°êµ¬,ì´íì1ë,1117065000,5,10,0.5,2,0,0.5,24.5,0.5,3,3,0.5,0.5,0,1.5,2,0.5,0,0,4.5,0.5,1,0,17,812.5,2.5,21,0,11.5,11,4.5,2,0,3061
44,ì©ì°êµ¬,ì´íì2ë,1117066000,5,10,0.5,2,0,0.5,24.5,0.5,3,3,0.5,0.5,0,1.5,2,0.5,0,0,4.5,0.5,1,0,17,812.5,2.5,21,0,11.5,10,4.5,2,0,3753
45,ì©ì°êµ¬,íë¨ë,1117068500,19,10,0,2,0,0,43,1,13,9,2,1,0,5,11,2,0,1,26,3,2,0,22,1625,5,66,0,32,31,6,2,3,7321
46,ì©ì°êµ¬,ìë¹ê³ ë,1117069000,14,10,1,2,1,0,34,0,7,0,1,0,0,0,1,0,0,0,3,1,1,0,10,6500,0,10,1,1,13,0,4,0,3446
47,ì©ì°êµ¬,ë³´ê´ë,1117070000,14,0,0,0,1,1,51,1,1,4,0,1,0,2,8,0,0,0,4,0,0,0,10,1625,3,10,0,19,10,0,2,0,4780
48,ì±ëêµ¬,ìì­ë¦¬2ë,1120052000,35,20,0,2,0,0.5,14.5,0,4,1,0.5,0.5,0,1.5,4.5,0,0,0,4,2,1,0,11,930,2.5,14,0,12,12,1,1,0,5448
49,ì±ëêµ¬,ìì­ë¦¬ëì ë,1120053500,60,30,1,2,0,0.5,49.5,1,8,4,0.5,0.5,0,3.5,22.5,0,0,0,13,3,2,0,29,6510,21.5,37,0,78,16,5,3,0,8932
50,ì±ëêµ¬,ë§ì¥ë,1120054000,24,0,0,4,2,0,92,0,10,5,1,0,0,1,8,0,0,0,2,4,0,0,14,1860,20,9,0,22,21,0,2,0,7838
51,ì±ëêµ¬,ì¬ê·¼ë,1120055000,46.33333333,6.666666667,0,5.333333333,1.666666667,1.666666667,50,0.666666667,7.333333333,6.333333333,2,1.666666667,0,2.666666667,10.33333333,1,0.666666667,0,3.666666667,2,0.666666667,0.333333333,31.33333333,2480,16.33333333,28.66666667,0,31.66666667,11,2,4,0,7787
52,ì±ëêµ¬,íë¹1ë,1120056000,44.33333333,6.666666667,0,1.333333333,0.666666667,0.666666667,21,0.666666667,4.333333333,2.333333333,2,0.666666667,0,2.666666667,9.333333333,1,0.666666667,0,3.666666667,2,0.666666667,0.333333333,17.33333333,620,14.33333333,19.66666667,0,30.66666667,15,2,4,1,4676
53,ì±ëêµ¬,íë¹2ë,1120057000,44.33333333,6.666666667,0,1.333333333,0.666666667,0.666666667,21,0.666666667,4.333333333,2.333333333,2,0.666666667,0,2.666666667,9.333333333,1,0.666666667,0,3.666666667,2,0.666666667,0.333333333,17.33333333,620,14.33333333,19.66666667,0,30.66666667,12,2,4,0,6387
54,ì±ëêµ¬,ìë´ë,1120058000,23,0,0,2,2,0,24,1,3,0,1,0,0,0,2,0,0,1,0,3,0,0,6,1860,4,2,0,7,21,0,0,0,3896
55,ì±ëêµ¬,ê¸í¸1ê°ë,1120059000,44,10,1,2,0,1,16,0,1,0,0,0,0,0,6,0,0,2,3,2,0,0,6,1860,20,12,1,15,18,2,2,0,4253
56,ì±ëêµ¬,ê¸í¸2.3ê°ë,1120061500,38,0,0,2,0,0,43,1,5,2,1,1,0,2,11,0,0,0,2,1,0,0,12,3720,30,16,1,36,18,2,4,0,6858
57,ì±ëêµ¬,ê¸í¸4ê°ë,1120062000,30,0,0,4,0,0,33,0,5,3,1,0,0,3,8,0,0,0,3,2,1,0,10,1860,24,12,0,29,15,0,0,0,4056
58,ì±ëêµ¬,ì¥ìë,1120064500,60,20,0,4,1,2,14,1,2,3,2,0,0,4,11,0,0,0,11,3,1,0,14,1860,28,16,1,37,28,4,2,0,7650
59,ì±ëêµ¬,ì±ì1ê°1ë,1120065000,27.5,10,0,2,1,1,29,0,7.5,2.5,1,1,0,1.5,5.5,0,0.5,0,6.5,3.5,1,0,24,930,18,53.5,0.5,22,20,2.5,2,2,5519
60,ì±ëêµ¬,ì±ì1ê°2ë,1120066000,27.5,10,0,2,1,1,29,0,7.5,2.5,1,1,0,1.5,5.5,0,0.5,0,6.5,3.5,1,0,24,930,18,53.5,0.5,22,9,2.5,2,0,4420
61,ì±ëêµ¬,ì±ì2ê°1ë,1120067000,16,5,0.5,2,1.5,0.5,48,1,8,3,0.5,1,0,1,12,1.5,0.5,0,9.5,4.5,2,0.5,43,930,24,59.5,0.5,36.5,14,4.5,3,0,4830
62,ì±ëêµ¬,ì±ì2ê°3ë,1120069000,16,5,0.5,2,1.5,0.5,48,1,8,3,0.5,1,0,1,12,1.5,0.5,0,9.5,4.5,2,0.5,43,930,24,59.5,0.5,36.5,8,4.5,3,0,3855
63,ì±ëêµ¬,ì¡ì ë,1120072000,3,0,0.5,1,0,0,15,0,3,1.5,0,0,0,0.5,2.5,0,0,0,0.5,0,0,0,5,930,2,5,0,2.5,12,0,0,0,3460
64,ì±ëêµ¬,ì©ëµë,1120079000,14,10,0.5,3,0,0,55,1,13,7.5,1,1,0,0.5,10.5,0,0,4,3.5,2,0,0,21,2790,14,30,0,28.5,9,0,4,0,4503
65,ê´ì§êµ¬,íìë,1121571000,27,0,0,4,2,2,40,1,9,7,3,1,0,2,18,12,1,0,16,4,3,1,66,1943,12,95,0,60,15,3,4,1,17100
66,ê´ì§êµ¬,êµ°ìë,1121573000,29,40,0,4,0,0,48,0,11,3,0,0,0,2,12,2,1,0,13,3,2,0,22,1943,8,46,0,40,22,2,2,0,9630
67,ê´ì§êµ¬,ì¤ê³¡1ë,1121574000,35.5,7.5,0.25,2,0.5,0.75,35,1,2.5,2,0.25,1.25,0,1.75,9.75,1.5,1,0,6.75,2.5,0.5,0,25.5,485.75,9.25,26.5,0,34.5,9,1,3,0,5921
68,ê´ì§êµ¬,ì¤ê³¡2ë,1121575000,35.5,7.5,0.25,2,0.5,0.75,35,1,2.5,2,0.25,1.25,0,1.75,9.75,1.5,1,0,6.75,2.5,0.5,0,25.5,485.75,9.25,26.5,0,34.5,9,1,3,0,7734
69,ê´ì§êµ¬,ì¤ê³¡3ë,1121576000,35.5,7.5,0.25,2,0.5,0.75,35,1,2.5,2,0.25,1.25,0,1.75,9.75,1.5,1,0,6.75,2.5,0.5,0,25.5,485.75,9.25,26.5,0,34.5,8,1,3,0,5347
70,ê´ì§êµ¬,ì¤ê³¡4ë,1121577000,35.5,7.5,0.25,2,0.5,0.75,35,1,2.5,2,0.25,1.25,0,1.75,9.75,1.5,1,0,6.75,2.5,0.5,0,25.5,485.75,9.25,26.5,0,34.5,23,1,3,0,8656
71,ê´ì§êµ¬,ë¥ë,1121578000,12,10,1,2,0,1,37,0,6,1,3,0,0,2,7,2,0,0,4,2,0,0,27,1943,3,28,1,23,9,1,0,0,5045
72,ê´ì§êµ¬,ê´ì¥ë,1121581000,111,50,0,6,3,1,33,1,8,1,1,0,0,3,9,0,0,0,10,3,1,0,26,1943,6,38,1,28,26,3,2,0,7606
73,ê´ì§êµ¬,ìì1ë,1121582000,52,20,0.25,3.5,1,0.5,39.25,0.75,6,6,0.25,1.25,0.25,2.25,11.5,1.75,1.25,0,10,5.25,1.25,0.25,29.5,485.75,6,36.25,0,40.75,11,1.75,3,0,8218
74,ê´ì§êµ¬,ìì2ë,1121583000,52,20,0.25,3.5,1,0.5,39.25,0.75,6,6,0.25,1.25,0.25,2.25,11.5,1.75,1.25,0,10,5.25,1.25,0.25,29.5,485.75,6,36.25,0,40.75,5,1.75,3,0,7447
75,ê´ì§êµ¬,ìì3ë,1121584000,52,20,0.25,3.5,1,0.5,39.25,0.75,6,6,0.25,1.25,0.25,2.25,11.5,1.75,1.25,0,10,5.25,1.25,0.25,29.5,485.75,6,36.25,0,40.75,13,1.75,3,0,7936
76,ê´ì§êµ¬,ìì4ë,1121584700,52,20,0.25,3.5,1,0.5,39.25,0.75,6,6,0.25,1.25,0.25,2.25,11.5,1.75,1.25,0,10,5.25,1.25,0.25,29.5,485.75,6,36.25,0,40.75,10,1.75,3,0,7037
77,ê´ì§êµ¬,êµ¬ì1ë,1121585000,84,26.66666667,1,2,0.333333333,0.333333333,51.66666667,0.333333333,6.666666667,3,0.666666667,1,0,1.333333333,12,1,0,0,13.66666667,6,1,0,34,647.6666667,10.66666667,46,0,40,8,2,6,0,9136
78,ê´ì§êµ¬,êµ¬ì2ë,1121586000,84,26.66666667,1,2,0.333333333,0.333333333,51.66666667,0.333333333,6.666666667,3,0.666666667,1,0,1.333333333,12,1,0,0,13.66666667,6,1,0,34,647.6666667,10.66666667,46,0,40,10,2,6,0,7592
79,ê´ì§êµ¬,êµ¬ì3ë,1121587000,84,26.66666667,1,2,0.333333333,0.333333333,51.66666667,0.333333333,6.666666667,3,0.666666667,1,0,1.333333333,12,1,0,0,13.66666667,6,1,0,34,647.6666667,10.66666667,46,0,40,16,2,6,1,9124
80,ëëë¬¸êµ¬,ì©ì ë,1123053600,41,30,1,2,1,1,120,1,14,11,2,1,0,4,23,2,0,0,10,9,1,0,64,4892,16,57,1,64,22,9,8,2,12757
81,ëëë¬¸êµ¬,ì ê¸°ë,1123054500,35,10,0,4,2,1,96,1,5,3,1,1,0,0,25,0,0,0,9,2,0,0,34,2446,6,29,0,96,19,2,10,0,9232
82,ëëë¬¸êµ¬,ì ë1ë,1123056000,51,35,0.5,4,1.5,1,54,1,8.5,5,1,0.5,0,1.5,11.5,2,0.5,0,5,2,0.5,0.5,29,1223,19.5,30.5,0.5,34,21,6,4,0,8838
83,ëëë¬¸êµ¬,ì ë2ë,1123057000,51,35,0.5,4,1.5,1,54,1,8.5,5,1,0.5,0,1.5,11.5,2,0.5,0,5,2,0.5,0.5,29,1223,19.5,30.5,0.5,34,7,6,4,0,4595
84,ëëë¬¸êµ¬,ëµì­ë¦¬1ë,1123060000,49,40,0,3,0.5,0,50.5,0.5,5.5,3.5,0,0.5,0,3,12.5,0.5,0.5,0,7,3,0.5,0,27,1223,24,20.5,1,49,20,3,2,0,9479
85,ëëë¬¸êµ¬,ëµì­ë¦¬2ë,1123061000,49,40,0,3,0.5,0,50.5,0.5,5.5,3.5,0,0.5,0,3,12.5,0.5,0.5,0,7,3,0.5,0,27,1223,24,20.5,1,49,14,3,2,0,7984
86,ëëë¬¸êµ¬,ì¥ì1ë,1123065000,106,45,1.5,4,1,0.5,63,1,5.5,6.5,0.5,1,0,4,23.5,4.5,1.5,0.5,13.5,8,0.5,0.5,57,1223,26,43.5,0,69.5,11,11,5,0,11749
87,ëëë¬¸êµ¬,ì¥ì2ë,1123066000,106,45,1.5,4,1,0.5,63,1,5.5,6.5,0.5,1,0,4,23.5,4.5,1.5,0.5,13.5,8,0.5,0.5,57,1223,26,43.5,0,69.5,17,11,5,0,8823
88,ëëë¬¸êµ¬,ì²­ëë¦¬ë,1123070500,23,0,1,2,2,2,43,1,10,4,0,2,0,2,23,0,0,0,7,0,0,0,14,2446,13,16,0,54,13,1,2,0,4472
89,ëëë¬¸êµ¬,íê¸°ë,1123071000,14,0,0,6,1,1,62,1,3,3,0,1,0,1,11,0,0,0,11,1,3,0,22,2446,8,38,0,13,7,8,4,1,6904
90,ëëë¬¸êµ¬,íê²½1ë,1123072000,24.5,20,0.5,2,1.5,1.5,51,0.5,7,2,1.5,1,0,1,8,2,0.5,0,6,3,0,0,21,1223,14.5,18.5,0,18.5,7,4.5,1,1,7712
91,ëëë¬¸êµ¬,íê²½2ë,1123073000,24.5,20,0.5,2,1.5,1.5,51,0.5,7,2,1.5,1,0,1,8,2,0.5,0,6,3,0,0,21,1223,14.5,18.5,0,18.5,10,4.5,1,0,9022
92,ëëë¬¸êµ¬,ì´ë¬¸1ë,1123074000,34.5,30,0,1,0.5,0.5,47,0.5,4.5,2,1,0.5,0,1,9,0,0,0,3,0.5,1,0,18,1223,18,21,0,25,11,5,4,0,9381
93,ëëë¬¸êµ¬,ì´ë¬¸2ë,1123075000,34.5,30,0,1,0.5,0.5,47,0.5,4.5,2,1,0.5,0,1,9,0,0,0,3,0.5,1,0,18,1223,18,21,0,25,6,5,4,0,5453
94,ì¤ëêµ¬,ë©´ëª©2ë,1126052000,28.5,20,0.166666667,2.333333333,0.5,0.166666667,94,0.666666667,4.166666667,2.666666667,0.5,0.666666667,0,2,10.66666667,1.166666667,0.333333333,0,4,1.333333333,0.166666667,0,29,297.8333333,7.333333333,20.66666667,0.5,34.5,16,3.5,1.333333333,0,6598
95,ì¤ëêµ¬,ë©´ëª©4ë,1126054000,28.5,20,0.166666667,2.333333333,0.5,0.166666667,94,0.666666667,4.166666667,2.666666667,0.5,0.666666667,0,2,10.66666667,1.166666667,0.333333333,0,4,1.333333333,0.166666667,0,29,297.8333333,7.333333333,20.66666667,0.5,34.5,7,3.5,1.333333333,0,5228
96,ì¤ëêµ¬,ë©´ëª©5ë,1126055000,28.5,20,0.166666667,2.333333333,0.5,0.166666667,94,0.666666667,4.166666667,2.666666667,0.5,0.666666667,0,2,10.66666667,1.166666667,0.333333333,0,4,1.333333333,0.166666667,0,29,297.8333333,7.333333333,20.66666667,0.5,34.5,9,3.5,1.333333333,0,4469
97,ì¤ëêµ¬,ë©´ëª©ë³¸ë,1126056500,28.5,20,0.166666667,2.333333333,0.5,0.166666667,94,0.666666667,4.166666667,2.666666667,0.5,0.666666667,0,2,10.66666667,1.166666667,0.333333333,0,4,1.333333333,0.166666667,0,29,297.8333333,7.333333333,20.66666667,0.5,34.5,10,3.5,1.333333333,0,10752
98,ì¤ëêµ¬,ë©´ëª©7ë,1126057000,28.5,20,0.166666667,2.333333333,0.5,0.166666667,94,0.666666667,4.166666667,2.666666667,0.5,0.666666667,0,2,10.66666667,1.166666667,0.333333333,0,4,1.333333333,0.166666667,0,29,297.8333333,7.333333333,20.66666667,0.5,34.5,10,3.5,1.333333333,0,6381
99,ì¤ëêµ¬,ë©´ëª©3.8ë,1126057500,28.5,20,0.166666667,2.333333333,0.5,0.166666667,94,0.666666667,4.166666667,2.666666667,0.5,0.666666667,0,2,10.66666667,1.166666667,0.333333333,0,4,1.333333333,0.166666667,0,29,297.8333333,7.333333333,20.66666667,0.5,34.5,11,3.5,1.333333333,0,7341
100,ì¤ëêµ¬,ìë´1ë,1126058000,23,25,0,1,1.5,1,57.5,0,8.5,4.5,2.5,0.5,0,1.5,9,1,1.5,0,8,1.5,1.5,0.5,32,893.5,14,30.5,0,36,10,5,3,0,7035
101,ì¤ëêµ¬,ìë´2ë,1126059000,23,25,0,1,1.5,1,57.5,0,8.5,4.5,2.5,0.5,0,1.5,9,1,1.5,0,8,1.5,1.5,0.5,32,893.5,14,30.5,0,36,7,5,3,0,8880
102,ì¤ëêµ¬,ì¤í1ë,1126060000,23,10,0.5,2,1.5,0.5,73,0.5,4.5,2.5,1.5,0.5,0,2.5,10.5,1,0.5,0,3.5,1.5,0.5,0,32,893.5,11.5,20.5,0,32,7,5,2,0,5970
103,ì¤ëêµ¬,ì¤í2ë,1126061000,23,10,0.5,2,1.5,0.5,73,0.5,4.5,2.5,1.5,0.5,0,2.5,10.5,1,0.5,0,3.5,1.5,0.5,0,32,893.5,11.5,20.5,0,32,13,5,2,0,7458
104,ì¤ëêµ¬,ë¬µ1ë,1126062000,33,35,0,3,1.5,1,60.5,0.5,4.5,3.5,0.5,0,0,1.5,8.5,0,1,0,3.5,2,0.5,0,23,893.5,8,20.5,0.5,31,17,3.5,1,0,9645
105,ì¤ëêµ¬,ë¬µ2ë,1126063000,33,35,0,3,1.5,1,60.5,0.5,4.5,3.5,0.5,0,0,1.5,8.5,0,1,0,3.5,2,0.5,0,23,893.5,8,20.5,0.5,31,8,3.5,1,0,5593
106,ì¤ëêµ¬,ë§ì°ë³¸ë,1126065500,32.5,35,0.5,4.5,2.5,2.5,76.5,0.5,6.5,3,1,0,0,1,14,1.5,0.5,0,4,1.5,0.5,0.5,35,893.5,15,34,1,45,30,8,2,0,8953
107,ì¤ëêµ¬,ë§ì°3ë,1126066000,32.5,35,0.5,4.5,2.5,2.5,76.5,0.5,6.5,3,1,0,0,1,14,1.5,0.5,0,4,1.5,0.5,0.5,35,893.5,15,34,1,45,4,8,2,0,4375
108,ì¤ëêµ¬,ì ë´1ë,1126068000,82.5,65,1.5,6,0,0,44,0.5,8.5,2,1,0,0,2.5,12.5,0.5,1,0,4.5,3,0.5,0.5,22,893.5,20.5,23.5,0,34,28,5.5,2,0,9489
109,ì¤ëêµ¬,ì ë´2ë,1126069000,82.5,65,1.5,6,0,0,44,0.5,8.5,2,1,0,0,2.5,12.5,0.5,1,0,4.5,3,0.5,0.5,22,893.5,20.5,23.5,0,34,9,5.5,2,0,5262
110,ì±ë¶êµ¬,ì±ë¶ë,1129052500,49,0,0,2,4,2,138,1,13,1,0,0,0,2,6,0,0,0,6,1,1,1,20,7132,3,43,0,33,22,2,0,0,5391
111,ì±ë¶êµ¬,ì¼ì ë,1129055500,87.33333333,13.33333333,1,3.333333333,2.666666667,2.166666667,117.6666667,0.166666667,5.833333333,7.666666667,1,0,0,2.166666667,16.33333333,2,0.166666667,0,6.5,1.833333333,1.166666667,0,27,14561.16667,17.5,48.16666667,0.333333333,53.16666667,26,2,5.666666667,0,7839
112,ì±ë¶êµ¬,ëì ë,1129057500,103.3333333,3.333333333,0,5.333333333,0.666666667,1.166666667,96.66666667,0.166666667,6.833333333,5.666666667,2,0,0,3.166666667,17.33333333,6,2.166666667,0,11.5,1.833333333,2.166666667,0,23,12778.16667,7.5,71.16666667,0.333333333,66.16666667,10,7,3.666666667,0,7552
113,ì±ë¶êµ¬,ëì1ë,1129058000,15.33333333,3.333333333,0,1.333333333,0.666666667,0.166666667,8.666666667,0.166666667,0.833333333,0.666666667,0,0,0,0.166666667,1.333333333,0,0.166666667,0,0.5,0.833333333,0.166666667,0,1,297.1666667,0.5,2.166666667,0.333333333,4.166666667,11,0,1.666666667,0,3923
114,ì±ë¶êµ¬,ëì2ë,1129059000,15.33333333,3.333333333,0,1.333333333,0.666666667,0.166666667,8.666666667,0.166666667,0.833333333,0.666666667,0,0,0,0.166666667,1.333333333,0,0.166666667,0,0.5,0.833333333,0.166666667,0,1,297.1666667,0.5,2.166666667,0.333333333,4.166666667,12,0,1.666666667,0,5782
115,ì±ë¶êµ¬,ììë,1129060000,10,10,0,2,1,1,56,0,6,3,1,1,0,0,10,1,0,0,8,0,3,1,42,8915,4,68,0,15,13,6,0,0,8535
116,ì±ë¶êµ¬,ë³´ë¬¸ë,1129061000,22,10,0,4,0,0,77,1,2,4,2,1,0,3,6,0,0,0,5,1,0,0,20,12481,3,21,0,20,4,1,6,0,5391
117,ì±ë¶êµ¬,ì ë¦1ë,1129062000,100.9166667,37.5,0.333333333,5.333333333,1.5,1,112.5833333,1,7,5.083333333,0.833333333,0.583333333,0.333333333,2.666666667,15.08333333,0.333333333,1,0,6,4,0.833333333,0,32,1337.25,12.08333333,35.58333333,0.583333333,41.75,12,2.166666667,10,0,4878
118,ì±ë¶êµ¬,ì ë¦2ë,1129063000,50.58333333,10.83333333,0,3.333333333,1.166666667,0.666666667,91.91666667,0.666666667,3.333333333,2.416666667,0.5,0.25,0,0.666666667,8.083333333,0,0.666666667,0,3,3.333333333,0.166666667,0,20,742.9166667,6.75,18.91666667,0.583333333,22.41666667,22,0.5,2.666666667,0,6400
119,ì±ë¶êµ¬,ì ë¦3ë,1129064000,35.25,7.5,0,2,0.5,0.5,83.25,0.5,2.5,1.75,0.5,0.25,0,0.5,6.75,0,0.5,0,2.5,2.5,0,0,19,445.75,6.25,16.75,0.25,18.25,14,0.5,1,0,5885
120,ì±ë¶êµ¬,ì ë¦4ë,1129065000,35.25,7.5,0,2,0.5,0.5,83.25,0.5,2.5,1.75,0.5,0.25,0,0.5,6.75,0,0.5,0,2.5,2.5,0,0,19,445.75,6.25,16.75,0.25,18.25,19,0.5,1,0,6607
121,ì±ë¶êµ¬,ê¸¸ì1ë,1129066000,50.33333333,26.66666667,0.333333333,2,0.333333333,0.333333333,20.66666667,0.333333333,3.666666667,2.666666667,0.333333333,0.333333333,0.333333333,2,7,0.333333333,0.333333333,0,3,0.666666667,0.666666667,0,12,594.3333333,5.333333333,16.66666667,0,19.33333333,17,1.666666667,7.333333333,0,7611
122,ì±ë¶êµ¬,ê¸¸ì2ë,1129068500,83,33.33333333,0.333333333,3.333333333,0.666666667,0.666666667,73.33333333,0.666666667,6.666666667,5.666666667,0.666666667,0.333333333,0.333333333,3.666666667,16.33333333,1,1.333333333,0,6.333333333,2.666666667,1.333333333,0,25.33333333,1188.666667,10.33333333,35.33333333,0,42.33333333,14,3,10.66666667,0,4475
123,ì±ë¶êµ¬,ì¢ìë,1129070500,89,20,3,4,2,1,134,1,5,5,1,1,0,3,19,0,2,0,7,6,2,1,34,1783,19,35,0,48,37,2,2,0,11833
124,ì±ë¶êµ¬,ìê³¡1ë,1129071500,32.66666667,6.666666667,0,1.333333333,0.333333333,0.333333333,52.66666667,0.333333333,3,3,0.333333333,0,0,1.666666667,9.333333333,0.666666667,1,0,3.333333333,2,0.666666667,0,13.33333333,594.3333333,5,18.66666667,0,23,14,1.333333333,3.333333333,0,6533
125,ì±ë¶êµ¬,ìê³¡2ë,1129072500,48.66666667,16.66666667,0,1.333333333,1.333333333,0.333333333,118.6666667,0.333333333,4,4,1.333333333,0,0,1.666666667,10.33333333,2.666666667,1,0,4.333333333,5,0.666666667,0,23.33333333,2377.333333,6,30.66666667,1,30,16,1.333333333,3.333333333,0,6497
126,ì±ë¶êµ¬,ì¥ì1ë,1129076000,21,20,0.333333333,3.333333333,1,0,117.3333333,0.333333333,2.333333333,0.333333333,0,0.666666667,0,1.666666667,7.666666667,1,0,0,1.666666667,0.333333333,0.333333333,0,16.66666667,594.3333333,1,13.66666667,0,13.66666667,28,0.666666667,2.666666667,0,6823
127,ì±ë¶êµ¬,ì¥ì2ë,1129077000,21,20,0.333333333,3.333333333,1,0,117.3333333,0.333333333,2.333333333,0.333333333,0,0.666666667,0,1.666666667,7.666666667,1,0,0,1.666666667,0.333333333,0.333333333,0,16.66666667,594.3333333,1,13.66666667,0,13.66666667,13,0.666666667,2.666666667,0,3872
128,ì±ë¶êµ¬,ì¥ì3ë,1129078000,21,20,0.333333333,3.333333333,1,0,117.3333333,0.333333333,2.333333333,0.333333333,0,0.666666667,0,1.666666667,7.666666667,1,0,0,1.666666667,0.333333333,0.333333333,0,16.66666667,594.3333333,1,13.66666667,0,13.66666667,14,0.666666667,2.666666667,0,4545
129,ì±ë¶êµ¬,ìê´ë,1129081000,47,50,0,4,1,1,155,1,7,3,1,1,0,2,16,1,2,0,6,2,0,0,22,1783,3,30,0,42,16,1,8,0,10463
130,ê°ë¶êµ¬,ì¼ìë,1130553400,50.4,36,0.4,2.8,1.4,1.4,45.6,0.6,4.4,4.8,1,0.4,0,3,14.4,1,1,0,4.4,0.6,0.6,0.4,20.4,440.8,9.4,21.8,0,48.8,21,3.8,4,0,5985
131,ê°ë¶êµ¬,ë¯¸ìë,1130553500,50.4,36,0.4,2.8,1.4,1.4,45.6,0.6,4.4,4.8,1,0.4,0,3,14.4,1,1,0,4.4,0.6,0.6,0.4,20.4,440.8,9.4,21.8,0,48.8,53,3.8,4,0,6788
132,ê°ë¶êµ¬,ì¡ì¤ë,1130554500,50.4,36,0.4,2.8,1.4,1.4,45.6,0.6,4.4,4.8,1,0.4,0,3,14.4,1,1,0,4.4,0.6,0.6,0.4,20.4,440.8,9.4,21.8,0,48.8,30,3.8,4,0,8372
133,ê°ë¶êµ¬,ì¡ì²ë,1130555500,50.4,36,0.4,2.8,1.4,1.4,45.6,0.6,4.4,4.8,1,0.4,0,3,14.4,1,1,0,4.4,0.6,0.6,0.4,20.4,440.8,9.4,21.8,0,48.8,9,3.8,4,0,6730
134,ê°ë¶êµ¬,ì¼ê°ì°ë,1130557500,50.4,36,0.4,2.8,1.4,1.4,45.6,0.6,4.4,4.8,1,0.4,0,3,14.4,1,1,0,4.4,0.6,0.6,0.4,20.4,440.8,9.4,21.8,0,48.8,13,3.8,4,0,6922
135,ê°ë¶êµ¬,ë²1ë,1130559500,21.66666667,10,1,2,0.666666667,0,34.66666667,0.666666667,7.333333333,1.333333333,0,0.666666667,0,1,9.666666667,1,0.333333333,0,2.333333333,2,0.333333333,0.666666667,17.33333333,734.6666667,4.333333333,12,0.666666667,25.66666667,14,3.333333333,1.333333333,0,5984
136,ê°ë¶êµ¬,ë²2ë,1130560300,21.66666667,10,1,2,0.666666667,0,34.66666667,0.666666667,7.333333333,1.333333333,0,0.666666667,0,1,9.666666667,1,0.333333333,0,2.333333333,2,0.333333333,0.666666667,17.33333333,734.6666667,4.333333333,12,0.666666667,25.66666667,22,3.333333333,1.333333333,0,3881
137,ê°ë¶êµ¬,ë²3ë,1130560800,21.66666667,10,1,2,0.666666667,0,34.66666667,0.666666667,7.333333333,1.333333333,0,0.666666667,0,1,9.666666667,1,0.333333333,0,2.333333333,2,0.333333333,0.666666667,17.33333333,734.6666667,4.333333333,12,0.666666667,25.66666667,22,3.333333333,1.333333333,0,3482
138,ê°ë¶êµ¬,ìì 1ë,1130561500,23.2,6,0.2,1.6,1,0.2,39.6,0.8,3.8,2,0.6,0.8,0,1.6,12.2,1.8,0.6,0,3.2,0.8,0,0,20.4,440.8,3.4,19,0,28.4,24,5.8,2.8,0,5844
139,ê°ë¶êµ¬,ìì 2ë,1130562500,23.2,6,0.2,1.6,1,0.2,39.6,0.8,3.8,2,0.6,0.8,0,1.6,12.2,1.8,0.6,0,3.2,0.8,0,0,20.4,440.8,3.4,19,0,28.4,7,5.8,2.8,0,5461
140,ê°ë¶êµ¬,ìì 3ë,1130563500,23.2,6,0.2,1.6,1,0.2,39.6,0.8,3.8,2,0.6,0.8,0,1.6,12.2,1.8,0.6,0,3.2,0.8,0,0,20.4,440.8,3.4,19,0,28.4,4,5.8,2.8,1,7697
141,ê°ë¶êµ¬,ì°ì´ë,1130564500,29.2,6,0.2,1.6,2,0.2,66.6,0.8,9.8,3,3.6,1.8,0,1.6,18.2,1.8,0.6,0,3.2,0.8,0,0,34.4,2644.8,4.4,29,3,34.4,11,8.8,2.8,0,5153
142,ê°ë¶êµ¬,ì¸ìë,1130566000,23.2,6,0.2,1.6,1,0.2,39.6,0.8,3.8,2,0.6,0.8,0,1.6,12.2,1.8,0.6,0,3.2,0.8,0,0,20.4,440.8,3.4,19,0,28.4,24,5.8,2.8,0,7671
143,ëë´êµ¬,ì°½1ë,1132051100,41,26,0.2,3.6,0.6,0.6,21,0.4,6.4,1.6,0.8,1.4,0,1.4,8.6,4.4,0.6,0,6.2,2.4,0.4,0,18.8,257.8,2.4,22.2,0.6,29,15,3.2,2.8,0,6526
144,ëë´êµ¬,ì°½2ë,1132051200,41,26,0.2,3.6,0.6,0.6,21,0.4,6.4,1.6,0.8,1.4,0,1.4,8.6,4.4,0.6,0,6.2,2.4,0.4,0,18.8,257.8,2.4,22.2,0.6,29,16,3.2,2.8,0,8152
145,ëë´êµ¬,ì°½3ë,1132051300,41,26,0.2,3.6,0.6,0.6,21,0.4,6.4,1.6,0.8,1.4,0,1.4,8.6,4.4,0.6,0,6.2,2.4,0.4,0,18.8,257.8,2.4,22.2,0.6,29,11,3.2,2.8,0,3363
146,ëë´êµ¬,ì°½4ë,1132051400,41,26,0.2,3.6,0.6,0.6,21,0.4,6.4,1.6,0.8,1.4,0,1.4,8.6,4.4,0.6,0,6.2,2.4,0.4,0,18.8,257.8,2.4,22.2,0.6,29,14,3.2,2.8,0,6855
147,ëë´êµ¬,ì°½5ë,1132051500,41,26,0.2,3.6,0.6,0.6,21,0.4,6.4,1.6,0.8,1.4,0,1.4,8.6,4.4,0.6,0,6.2,2.4,0.4,0,18.8,257.8,2.4,22.2,0.6,29,13,3.2,2.8,0,7066
148,ëë´êµ¬,ëë´1ë,1132052100,15,40,0,3,1,1,27,1,9,1.5,1.5,1,0,2,8,0.5,0,0,3.5,3.5,0,0.5,28,644.5,1,21.5,0.5,18.5,17,6.5,2,0,4818
149,ëë´êµ¬,ëë´2ë,1132052200,15,40,0,3,1,1,27,1,9,1.5,1.5,1,0,2,8,0.5,0,0,3.5,3.5,0,0.5,28,644.5,1,21.5,0.5,18.5,28,6.5,2,0,6666
150,ëë´êµ¬,ìë¬¸1ë,1132066000,38.5,12.5,0,3,1.25,1,15.5,0.5,4,2,0,0,0,1.75,7.25,0.75,0,0,5,1.5,0,0.25,20,322.25,1,16.5,0.25,21.5,23,3.75,1,0,5638
151,ëë´êµ¬,ìë¬¸2ë,1132067000,38.5,12.5,0,3,1.25,1,15.5,0.5,4,2,0,0,0,1.75,7.25,0.75,0,0,5,1.5,0,0.25,20,322.25,1,16.5,0.25,21.5,9,3.75,1,0,4999
152,ëë´êµ¬,ìë¬¸3ë,1132068000,38.5,12.5,0,3,1.25,1,15.5,0.5,4,2,0,0,0,1.75,7.25,0.75,0,0,5,1.5,0,0.25,20,322.25,1,16.5,0.25,21.5,11,3.75,1,0,4812
153,ëë´êµ¬,ìë¬¸4ë,1132068100,38.5,12.5,0,3,1.25,1,15.5,0.5,4,2,0,0,0,1.75,7.25,0.75,0,0,5,1.5,0,0.25,20,322.25,1,16.5,0.25,21.5,11,3.75,1,0,4667
154,ëë´êµ¬,ë°©í1ë,1132069000,34.33333333,30,1.666666667,3.333333333,1,0.333333333,24,0.666666667,7,2.666666667,0.333333333,0.666666667,0,2.333333333,9.333333333,3,0.666666667,0,6.333333333,3.333333333,0.333333333,0,27.33333333,429.6666667,1.666666667,22,0.333333333,35.66666667,16,4.666666667,2.666666667,0,7293
155,ëë´êµ¬,ë°©í2ë,1132070000,34.33333333,30,1.666666667,3.333333333,1,0.333333333,24,0.666666667,7,2.666666667,0.333333333,0.666666667,0,2.333333333,9.333333333,3,0.666666667,0,6.333333333,3.333333333,0.333333333,0,27.33333333,429.6666667,1.666666667,22,0.333333333,35.66666667,10,4.666666667,2.666666667,0,4767
156,ëë´êµ¬,ë°©í3ë,1132071000,34.33333333,30,1.666666667,3.333333333,1,0.333333333,24,0.666666667,7,2.666666667,0.333333333,0.666666667,0,2.333333333,9.333333333,3,0.666666667,0,6.333333333,3.333333333,0.333333333,0,27.33333333,429.6666667,1.666666667,22,0.333333333,35.66666667,16,4.666666667,2.666666667,0,6248
157,ë¸ìêµ¬,ìê³1ë,1135056000,27,33.33333333,0.333333333,4,2,1.666666667,44.66666667,0.333333333,7,3,1.666666667,0.666666667,0,1.666666667,8.333333333,2,1.333333333,0,3.666666667,2.333333333,1.333333333,0,18.66666667,335.3333333,2.666666667,18.66666667,0,25.33333333,20,2,1.333333333,0,6778
158,ë¸ìêµ¬,ìê³2ë,1135057000,27,33.33333333,0.333333333,4,2,1.666666667,44.66666667,0.333333333,7,3,1.666666667,0.666666667,0,1.666666667,8.333333333,2,1.333333333,0,3.666666667,2.333333333,1.333333333,0,18.66666667,335.3333333,2.666666667,18.66666667,0,25.33333333,23,2,1.333333333,0,6189
159,ë¸ìêµ¬,ìê³3ë,1135058000,27,33.33333333,0.333333333,4,2,1.666666667,44.66666667,0.333333333,7,3,1.666666667,0.666666667,0,1.666666667,8.333333333,2,1.333333333,0,3.666666667,2.333333333,1.333333333,0,18.66666667,335.3333333,2.666666667,18.66666667,0,25.33333333,14,2,1.333333333,0,7983
160,ë¸ìêµ¬,ê³µë¦1ë,1135059500,69,55,0.5,7,1.5,1,45,0.5,11.5,4.5,2,1.5,0,4,20,2,0.5,0,10,5.5,1.5,0.5,49,503,9,62,0.5,57,18,4,4,0,12099
161,ë¸ìêµ¬,ê³µë¦2ë,1135060000,69,55,0.5,7,1.5,1,45,0.5,11.5,4.5,2,1.5,0,4,20,2,0.5,0,10,5.5,1.5,0.5,49,503,9,62,0.5,57,27,4,4,0,12639
162,ë¸ìêµ¬,íê³1ë,1135061100,36,10,1.5,3,1.5,1.5,22.5,0,3.5,2,0.5,0,0,0,7,0,0,0,1.5,3,0,0.5,9,503,3,18.5,0,13.5,18,1,1,0,7395
163,ë¸ìêµ¬,íê³2ë,1135061200,36,10,1.5,3,1.5,1.5,22.5,0,3.5,2,0.5,0,0,0,7,0,0,0,1.5,3,0,0.5,9,503,3,18.5,0,13.5,9,1,1,0,5417
164,ë¸ìêµ¬,ì¤ê³ë³¸ë,1135061900,130.5,7.5,0,4.5,1.5,2.75,28.25,0.5,6,3,0.25,0,0.25,2.5,10.5,0.75,1.5,0,4.5,4.25,0.25,0.25,14,251.5,1.75,27,0.25,35.5,8,2.75,3,0,4857
165,ë¸ìêµ¬,ì¤ê³1ë,1135062100,130.5,7.5,0,4.5,1.5,2.75,28.25,0.5,6,3,0.25,0,0.25,2.5,10.5,0.75,1.5,0,4.5,4.25,0.25,0.25,14,251.5,1.75,27,0.25,35.5,11,2.75,3,0,4906
166,ë¸ìêµ¬,ì¤ê³4ë,1135062400,130.5,7.5,0,4.5,1.5,2.75,28.25,0.5,6,3,0.25,0,0.25,2.5,10.5,0.75,1.5,0,4.5,4.25,0.25,0.25,14,251.5,1.75,27,0.25,35.5,5,2.75,3,0,4374
167,ë¸ìêµ¬,ì¤ê³2.3ë,1135062500,130.5,7.5,0,4.5,1.5,2.75,28.25,0.5,6,3,0.25,0,0.25,2.5,10.5,0.75,1.5,0,4.5,4.25,0.25,0.25,14,251.5,1.75,27,0.25,35.5,16,2.75,3,0,8265
168,ë¸ìêµ¬,ìê³1ë,1135063000,52,22.5,0.25,4.25,1.125,0.75,41.375,0.5,5.375,3.5,0.75,0.5,0.125,2.5,12.625,1.875,0.375,0.125,6,2.625,0.75,0.25,21.5,125.75,4.375,28.375,0.125,49.25,17,2.125,1.25,0,9832
169,ë¸ìêµ¬,ìê³2ë,1135064000,52,22.5,0.25,4.25,1.125,0.75,41.375,0.5,5.375,3.5,0.75,0.5,0.125,2.5,12.625,1.875,0.375,0.125,6,2.625,0.75,0.25,21.5,125.75,4.375,28.375,0.125,49.25,19,2.125,1.25,0,5504
170,ë¸ìêµ¬,ìê³3.4ë,1135066500,52,22.5,0.25,4.25,1.125,0.75,41.375,0.5,5.375,3.5,0.75,0.5,0.125,2.5,12.625,1.875,0.375,0.125,6,2.625,0.75,0.25,21.5,125.75,4.375,28.375,0.125,49.25,10,2.125,1.25,0,5968
171,ë¸ìêµ¬,ìê³5ë,1135067000,52,22.5,0.25,4.25,1.125,0.75,41.375,0.5,5.375,3.5,0.75,0.5,0.125,2.5,12.625,1.875,0.375,0.125,6,2.625,0.75,0.25,21.5,125.75,4.375,28.375,0.125,49.25,11,2.125,1.25,0,5945
172,ë¸ìêµ¬,ìê³6.7ë,1135069500,52,22.5,0.25,4.25,1.125,0.75,41.375,0.5,5.375,3.5,0.75,0.5,0.125,2.5,12.625,1.875,0.375,0.125,6,2.625,0.75,0.25,21.5,125.75,4.375,28.375,0.125,49.25,14,2.125,1.25,0,9267
173,ë¸ìêµ¬,ìê³8ë,1135070000,52,22.5,0.25,4.25,1.125,0.75,41.375,0.5,5.375,3.5,0.75,0.5,0.125,2.5,12.625,1.875,0.375,0.125,6,2.625,0.75,0.25,21.5,125.75,4.375,28.375,0.125,49.25,11,2.125,1.25,0,7407
174,ë¸ìêµ¬,ìê³9ë,1135071000,52,22.5,0.25,4.25,1.125,0.75,41.375,0.5,5.375,3.5,0.75,0.5,0.125,2.5,12.625,1.875,0.375,0.125,6,2.625,0.75,0.25,21.5,125.75,4.375,28.375,0.125,49.25,10,2.125,1.25,0,5407
175,ë¸ìêµ¬,ìê³10ë,1135072000,52,22.5,0.25,4.25,1.125,0.75,41.375,0.5,5.375,3.5,0.75,0.5,0.125,2.5,12.625,1.875,0.375,0.125,6,2.625,0.75,0.25,21.5,125.75,4.375,28.375,0.125,49.25,5,2.125,1.25,0,5522
176,ìíêµ¬,ë¹ë²ë,1138051000,64,30,1,6,0,0,183,1,10,8,2,1,0,3,13,0,0,0,4,5,1,0,36,3060,26,31,0,32,23,10,0,0,11054
177,ìíêµ¬,ë¶ê´1ë,1138052000,56.5,35,0,5.5,2,0.5,83,0.5,10.5,7.5,0.5,1,0,2.5,11,0.5,0,0,6.5,3.5,0.5,0,20.5,1530,32.5,19,0.5,53.5,18,6.5,7,1,10546
178,ìíêµ¬,ë¶ê´2ë,1138053000,56.5,35,0,5.5,2,0.5,83,0.5,10.5,7.5,0.5,1,0,2.5,11,0.5,0,0,6.5,3.5,0.5,0,20.5,1530,32.5,19,0.5,53.5,15,6.5,7,0,8085
179,ìíêµ¬,ê°í1ë,1138055100,77,30,0,2,1.5,2.5,87,0.5,2.5,2,1,1.5,0,2.5,14.5,3,0.5,0,7.5,4,0.5,0,25,1530,28,25.5,0.5,38.5,18,3.5,1,0,6429
180,ìíêµ¬,ê°í2ë,1138055200,77,30,0,2,1.5,2.5,87,0.5,2.5,2,1,1.5,0,2.5,14.5,3,0.5,0,7.5,4,0.5,0,25,1530,28,25.5,0.5,38.5,18,3.5,1,0,8202
181,ìíêµ¬,êµ¬ì°ë,1138056000,72,40,0,6,4,3,95,0,1,5,1,1,0,1,8,0,0,0,3,3,0,1,20,3060,32,24,1,29,22,2,4,0,8462
182,ìíêµ¬,ëì¡°ë,1138057000,55,10,0,4,0,2,68,1,3,4,2,1,0,5,22,3,0,0,12,2,1,0,38,3060,62,36,0,107,26,8,2,0,9196
183,ìíêµ¬,ìì1ë,1138058000,57.66666667,46.66666667,0,2.666666667,0.666666667,0.666666667,80,0.666666667,7,4.333333333,0,0.333333333,0,3,15.33333333,0.666666667,1.333333333,0,9,2,0.666666667,0.333333333,17.33333333,1020,52.33333333,24.33333333,0,46.66666667,14,4.333333333,4,0,10121
184,ìíêµ¬,ìì2ë,1138059000,57.66666667,46.66666667,0,2.666666667,0.666666667,0.666666667,80,0.666666667,7,4.333333333,0,0.333333333,0,3,15.33333333,0.666666667,1.333333333,0,9,2,0.666666667,0.333333333,17.33333333,1020,52.33333333,24.33333333,0,46.66666667,17,4.333333333,4,0,7542
185,ìíêµ¬,ìì3ë,1138060000,57.66666667,46.66666667,0,2.666666667,0.666666667,0.666666667,80,0.666666667,7,4.333333333,0,0.333333333,0,3,15.33333333,0.666666667,1.333333333,0,9,2,0.666666667,0.333333333,17.33333333,1020,52.33333333,24.33333333,0,46.66666667,12,4.333333333,4,0,6956
186,ìíêµ¬,ì­ì´ë,1138062500,116,30,1,2,0,0,99,1,9,6,1,1,0,3,18,3,0,0,14,4,0,0,28,3060,28,37,0,55,32,7,6,0,12910
187,ìíêµ¬,ì ì¬1ë,1138063100,47.5,25,0,3,2,0.5,62,0.5,2.5,3.5,0.5,1,0,1.5,6.5,0.5,0,0,3,0.5,0,0,17,1530,14.5,11,0.5,25,15,2,1,0,7843
188,ìíêµ¬,ì ì¬2ë,1138063200,47.5,25,0,3,2,0.5,62,0.5,2.5,3.5,0.5,1,0,1.5,6.5,0.5,0,0,3,0.5,0,0,17,1530,14.5,11,0.5,25,18,2,1,0,5606
189,ìíêµ¬,ì¦ì°ë,1138064000,42,20,0,2,2,0,62,0,3,5,2,1,0,3,9,1,0,0,3,5,0,0,10,3060,18,10,0,21,9,1,0,0,4008
190,ìíêµ¬,ììë,1138065000,8,20,1,2,0,0,24,0,3,1,2,0,0,0,4,0,0,0,0,0,1,0,6,3060,13,8,0,7,10,0,4,0,3642
191,ìíêµ¬,ì§ê´ë,1138069000,177,170,4,10,2,6,34,1,33,12,1,0,0,6,15,2,2,0,7,4,2,0,26,3060,37,54,3,35,50,21,2,0,13459
192,ìëë¬¸êµ¬,ì²ì°ë,1141052000,47,0,0,2,1,1,13,1,4,5,1,0,0,2,6,0,0,0,3,2,0,0,8,10735,5,13,1,27,25,2,0,0,4555
193,ìëë¬¸êµ¬,ë¶ìíë,1141055500,22.5,35,0,2,1,1,14.5,0,1.5,2,0,1,0,1.5,6.5,0,0,0,0.5,0,0.5,0,14,1073.5,0,11.5,0,11,15,0.5,0,0,5099
194,ìëë¬¸êµ¬,ì¶©íë,1141056500,29.5,35,1,6,2,2,30.5,0,10.5,9,2,1,0,1.5,12.5,0,0,0,3.5,4,3.5,0,39,9661.5,0,54.5,0,37,26,3.5,0,0,6898
195,ìëë¬¸êµ¬,ì ì´ë,1141058500,71,0,0,6,1,1,59,1,16,20,1,1,1,0,29,8,2,0,11,0,11,1,82,10735,4,157,0,68,18,21,6,1,14869
196,ìëë¬¸êµ¬,ì°í¬ë,1141061500,64,10,3,2,3,0,55,1,13,4,0,1,0,4,14,0,0,0,11,1,2,0,54,2147,4,91,1,42,38,25,2,0,14481
197,ìëë¬¸êµ¬,íì 1ë,1141062000,43.66666667,20,0,2.666666667,0.333333333,0,25,0.333333333,2,2.666666667,0.666666667,0.666666667,0,1,10.33333333,0,0,0,3.333333333,1.333333333,0.333333333,0.333333333,19.33333333,715.6666667,10.33333333,13.33333333,0.333333333,34.33333333,15,6.666666667,2.666666667,0,6440
198,ìëë¬¸êµ¬,íì 3ë,1141064000,43.66666667,20,0,2.666666667,0.333333333,0,25,0.333333333,2,2.666666667,0.666666667,0.666666667,0,1,10.33333333,0,0,0,3.333333333,1.333333333,0.333333333,0.333333333,19.33333333,715.6666667,10.33333333,13.33333333,0.333333333,34.33333333,24,6.666666667,2.666666667,0,4005
199,ìëë¬¸êµ¬,íì 2ë,1141065500,43.66666667,20,0,2.666666667,0.333333333,0,25,0.333333333,2,2.666666667,0.666666667,0.666666667,0,1,10.33333333,0,0,0,3.333333333,1.333333333,0.333333333,0.333333333,19.33333333,715.6666667,10.33333333,13.33333333,0.333333333,34.33333333,4,6.666666667,2.666666667,0,3629
200,ìëë¬¸êµ¬,íì1ë,1141066000,53.5,30,0.5,3,2,1,33,1,5.5,4,0,1.5,0,1,8,1.5,0,0,3,3,0,0,35,1073.5,2.5,21.5,0.5,16,17,7.5,2,0,5931
201,ìëë¬¸êµ¬,íì2ë,1141068500,53.5,30,0.5,3,2,1,33,1,5.5,4,0,1.5,0,1,8,1.5,0,0,3,3,0,0,35,1073.5,2.5,21.5,0.5,16,35,7.5,2,0,8027
202,ìëë¬¸êµ¬,ë¨ê°ì¢1ë,1141069000,47,45,0,2,0.5,0,17,0.5,7,5,0.5,2,0,2.5,11.5,2,0.5,0,4,0.5,1,0.5,24,1073.5,5.5,28,0,36.5,8,5.5,5,0,3737
203,ìëë¬¸êµ¬,ë¨ê°ì¢2ë,1141070000,47,45,0,2,0.5,0,17,0.5,7,5,0.5,2,0,2.5,11.5,2,0.5,0,4,0.5,1,0.5,24,1073.5,5.5,28,0,36.5,13,5.5,5,0,9465
204,ìëë¬¸êµ¬,ë¶ê°ì¢1ë,1141071000,64,0,0.5,1,0.5,0.5,24.5,0.5,7,3,0,0,0,2.5,8.5,1,0.5,0,5,0,0.5,0,24,1073.5,7,19.5,0,27.5,10,9,2,0,4379
205,ìëë¬¸êµ¬,ë¶ê°ì¢2ë,1141072000,64,0,0.5,1,0.5,0.5,24.5,0.5,7,3,0,0,0,2.5,8.5,1,0.5,0,5,0,0.5,0,24,1073.5,7,19.5,0,27.5,10,9,2,0,8856
206,ë§í¬êµ¬,ìíë,1144055500,72.16666667,53.33333333,0.666666667,4,1.166666667,1.666666667,70.33333333,0.5,3.666666667,5.166666667,2,0,0,3.833333333,15,0,1,0,7.333333333,3,1.833333333,0,20,3858.166667,6.833333333,30.66666667,0,55,18,3.833333333,2.666666667,0,8046
207,ë§í¬êµ¬,ê³µëë,1144056500,82.5,46.66666667,0.333333333,3.333333333,0.5,1,76.33333333,0.5,5.333333333,10.5,2.666666667,0.333333333,0,4.5,29,0,1,0,12.66666667,5.666666667,3.833333333,0,26,7165.166667,13.83333333,48.66666667,0,96.33333333,19,5.5,6.666666667,0,12884
208,ë§í¬êµ¬,ëíë,1144058500,20.83333333,6.666666667,0,0.666666667,0,0,23.16666667,0,1.5,4.333333333,1,0.333333333,0,0.666666667,7.5,0,0,0,3.666666667,3,1,0,11.33333333,2755.833333,4.5,16.83333333,0,30.83333333,22,1.333333333,0.666666667,0,6522
209,ë§í¬êµ¬,ì©ê°ë,1144059000,95.5,43.33333333,0.333333333,2.666666667,1,1,93.16666667,1,5.5,7,1.666666667,0.666666667,0,3,17.5,0,0,0,10.33333333,8,2.333333333,0,33.33333333,11574.5,9.5,40.16666667,0,56.5,8,4.333333333,2,0,6001
210,ë§í¬êµ¬,ëí¥ë,1144060000,73.66666667,8.333333333,1.5,2.666666667,2.333333333,0.833333333,44.83333333,0,7.666666667,5.166666667,1.333333333,1.333333333,0,2.333333333,11.5,0.5,0,0,6.333333333,1.666666667,1.333333333,0,20.66666667,4409.333333,3,33.5,0,52.66666667,19,2.333333333,3.666666667,1,7119
211,ë§í¬êµ¬,ì¼ë¦¬ë,1144061000,38.66666667,33.33333333,0.666666667,2,0.666666667,0.666666667,41.33333333,0,2.666666667,3.666666667,1,0,0,2.333333333,7,0,0,0,4.333333333,2,0.333333333,0,13,2204.666667,3.333333333,20.66666667,0,26,10,2.333333333,2.666666667,0,5849
212,ë§í¬êµ¬,ì ìë,1144063000,74.16666667,13.33333333,1.5,1.666666667,1.333333333,0.833333333,50.83333333,0,6.666666667,5.166666667,0.333333333,0.833333333,0,1.833333333,7.5,0.5,0,0,5.333333333,2.666666667,0.833333333,0,19.66666667,11023.33333,2.5,25,0,30.66666667,15,1.833333333,4.666666667,0,7080
213,ë§í¬êµ¬,ìê°ë,1144065500,76,35,0,2,0,0,62,1,5,6,2,0,0,2,6,0,0,0,9.5,5,2,0,28,14881.5,4,42,1,23,27,3,2,0,9698
214,ë§í¬êµ¬,ìêµë,1144066000,213.5,10,1,3,1,0,125,1,12,24,5,3.5,0,9.5,34,15,1,0,39.5,4,8.5,1,101,8267.5,7.5,254.5,0,175,41,12.5,13,3,12978
215,ë§í¬êµ¬,í©ì ë,1144068000,30,20,0,2,2,0,58,0,7,5,1,0,0,2,10,0,0,0,11,1,2,0,24,3307,13,67,1,31,20,7,2,0,7115
216,ë§í¬êµ¬,ë§ì1ë,1144069000,38,10,0,2,0,0,46,0.5,3.5,6.5,0.5,0.5,0,2.5,9,0,0.5,2.5,4.5,0.5,0.5,0.5,22,1653.5,5,41.5,0,32,13,4.5,1,1,7246
217,ë§í¬êµ¬,ë§ì2ë,1144070000,38,10,0,2,0,0,46,0.5,3.5,6.5,0.5,0.5,0,2.5,9,0,0.5,2.5,4.5,0.5,0.5,0.5,22,1653.5,5,41.5,0,32,18,4.5,1,0,5730
218,ë§í¬êµ¬,ì°ë¨ë,1144071000,18,10,0,0,1,2,58,1,3,3,0,2,0,0,2,0,0,0,4,0,0,0,30,3307,3,90,0,11,16,1,4,2,6734
219,ë§í¬êµ¬,ì±ì°1ë,1144072000,49,10,0.5,4,2,0.5,57,0.5,7.5,8,1,1,0,2.5,6,0,2,0.5,4.5,3.5,0,0,25,1653.5,3,23,0.5,16,9,4.5,2,2,6529
220,ë§í¬êµ¬,ì±ì°2ë,1144073000,79,10,0.5,6,3,0.5,75,0.5,7.5,9,1,1,0,2.5,11,0,2,0.5,5.5,3.5,0,0,31,4960.5,5,27,0.5,30,20,5.5,2,0,13475
221,ë§í¬êµ¬,ììë,1144074000,105,110,1,6,1,1,58,1,28,21,1,1,0,4,15,1,0,3,17,6,5,1,39,3307,9,100,2,59,55,9,0,0,8239
222,ìì²êµ¬,ëª©1ë,1147051000,210.4,16,0.8,3.2,1.2,0.8,34.6,0.4,9,5.2,0.6,0.8,0.4,4.2,14.2,1.6,1,0.2,13.2,5,2,0.2,26,244.6,35.6,36.6,0.4,57.6,10,4,3.6,0,6284
223,ìì²êµ¬,ëª©2ë,1147052000,210.4,16,0.8,3.2,1.2,0.8,34.6,0.4,9,5.2,0.6,0.8,0.4,4.2,14.2,1.6,1,0.2,13.2,5,2,0.2,26,244.6,35.6,36.6,0.4,57.6,13,4,3.6,0,10185
224,ìì²êµ¬,ëª©3ë,1147053000,210.4,16,0.8,3.2,1.2,0.8,34.6,0.4,9,5.2,0.6,0.8,0.4,4.2,14.2,1.6,1,0.2,13.2,5,2,0.2,26,244.6,35.6,36.6,0.4,57.6,9,4,3.6,0,7284
225,ìì²êµ¬,ëª©4ë,1147054000,210.4,16,0.8,3.2,1.2,0.8,34.6,0.4,9,5.2,0.6,0.8,0.4,4.2,14.2,1.6,1,0.2,13.2,5,2,0.2,26,244.6,35.6,36.6,0.4,57.6,8,4,3.6,0,6827
226,ìì²êµ¬,ëª©5ë,1147055000,210.4,16,0.8,3.2,1.2,0.8,34.6,0.4,9,5.2,0.6,0.8,0.4,4.2,14.2,1.6,1,0.2,13.2,5,2,0.2,26,244.6,35.6,36.6,0.4,57.6,21,4,3.6,0,7992
227,ìì²êµ¬,ì ì1ë,1147056000,33.71428571,14.28571429,0.142857143,2.285714286,1.428571429,0.428571429,26.28571429,0.428571429,4.142857143,2.285714286,0,0.714285714,0,1.714285714,7.142857143,1,0.285714286,0.285714286,1.857142857,1.714285714,0.285714286,0.285714286,18.28571429,174.7142857,17.85714286,12.85714286,0.142857143,17.57142857,8,1.428571429,0.857142857,0,5327
228,ìì²êµ¬,ì ì2ë,1147057000,33.71428571,14.28571429,0.142857143,2.285714286,1.428571429,0.428571429,26.28571429,0.428571429,4.142857143,2.285714286,0,0.714285714,0,1.714285714,7.142857143,1,0.285714286,0.285714286,1.857142857,1.714285714,0.285714286,0.285714286,18.28571429,174.7142857,17.85714286,12.85714286,0.142857143,17.57142857,8,1.428571429,0.857142857,0,5398
229,ìì²êµ¬,ì ì3ë,1147058000,33.71428571,14.28571429,0.142857143,2.285714286,1.428571429,0.428571429,26.28571429,0.428571429,4.142857143,2.285714286,0,0.714285714,0,1.714285714,7.142857143,1,0.285714286,0.285714286,1.857142857,1.714285714,0.285714286,0.285714286,18.28571429,174.7142857,17.85714286,12.85714286,0.142857143,17.57142857,4,1.428571429,0.857142857,0,3966
230,ìì²êµ¬,ì ì4ë,1147059000,33.71428571,14.28571429,0.142857143,2.285714286,1.428571429,0.428571429,26.28571429,0.428571429,4.142857143,2.285714286,0,0.714285714,0,1.714285714,7.142857143,1,0.285714286,0.285714286,1.857142857,1.714285714,0.285714286,0.285714286,18.28571429,174.7142857,17.85714286,12.85714286,0.142857143,17.57142857,6,1.428571429,0.857142857,0,4405
231,ìì²êµ¬,ì ì5ë,1147060000,33.71428571,14.28571429,0.142857143,2.285714286,1.428571429,0.428571429,26.28571429,0.428571429,4.142857143,2.285714286,0,0.714285714,0,1.714285714,7.142857143,1,0.285714286,0.285714286,1.857142857,1.714285714,0.285714286,0.285714286,18.28571429,174.7142857,17.85714286,12.85714286,0.142857143,17.57142857,6,1.428571429,0.857142857,0,4156
232,ìì²êµ¬,ì ì6ë,1147061000,33.71428571,14.28571429,0.142857143,2.285714286,1.428571429,0.428571429,26.28571429,0.428571429,4.142857143,2.285714286,0,0.714285714,0,1.714285714,7.142857143,1,0.285714286,0.285714286,1.857142857,1.714285714,0.285714286,0.285714286,18.28571429,174.7142857,17.85714286,12.85714286,0.142857143,17.57142857,7,1.428571429,0.857142857,0,4107
233,ìì²êµ¬,ì ì7ë,1147061100,33.71428571,14.28571429,0.142857143,2.285714286,1.428571429,0.428571429,26.28571429,0.428571429,4.142857143,2.285714286,0,0.714285714,0,1.714285714,7.142857143,1,0.285714286,0.285714286,1.857142857,1.714285714,0.285714286,0.285714286,18.28571429,174.7142857,17.85714286,12.85714286,0.142857143,17.57142857,15,1.428571429,0.857142857,0,5098
234,ìì²êµ¬,ì ì 1ë,1147062000,144,36.66666667,0.166666667,4.666666667,0.833333333,1.5,25.83333333,0.5,7.333333333,4.333333333,0.166666667,0.333333333,0,2.666666667,9.5,0.833333333,0.666666667,0.166666667,8.166666667,4.5,0.666666667,0.166666667,24,203.8333333,14,26.5,0.166666667,41.5,10,4.666666667,1.666666667,0,4276
235,ìì²êµ¬,ì ì 2ë,1147063000,144,36.66666667,0.166666667,4.666666667,0.833333333,1.5,25.83333333,0.5,7.333333333,4.333333333,0.166666667,0.333333333,0,2.666666667,9.5,0.833333333,0.666666667,0.166666667,8.166666667,4.5,0.666666667,0.166666667,24,203.8333333,14,26.5,0.166666667,41.5,8,4.666666667,1.666666667,0,4094
236,ìì²êµ¬,ì ì 3ë,1147064000,144,36.66666667,0.166666667,4.666666667,0.833333333,1.5,25.83333333,0.5,7.333333333,4.333333333,0.166666667,0.333333333,0,2.666666667,9.5,0.833333333,0.666666667,0.166666667,8.166666667,4.5,0.666666667,0.166666667,24,203.8333333,14,26.5,0.166666667,41.5,33,4.666666667,1.666666667,0,12375
237,ìì²êµ¬,ì ì 4ë,1147065000,144,36.66666667,0.166666667,4.666666667,0.833333333,1.5,25.83333333,0.5,7.333333333,4.333333333,0.166666667,0.333333333,0,2.666666667,9.5,0.833333333,0.666666667,0.166666667,8.166666667,4.5,0.666666667,0.166666667,24,203.8333333,14,26.5,0.166666667,41.5,5,4.666666667,1.666666667,0,10373
238,ìì²êµ¬,ì ì 6ë,1147067000,144,36.66666667,0.166666667,4.666666667,0.833333333,1.5,25.83333333,0.5,7.333333333,4.333333333,0.166666667,0.333333333,0,2.666666667,9.5,0.833333333,0.666666667,0.166666667,8.166666667,4.5,0.666666667,0.166666667,24,203.8333333,14,26.5,0.166666667,41.5,9,4.666666667,1.666666667,0,5653
239,ìì²êµ¬,ì ì 7ë,1147068000,144,36.66666667,0.166666667,4.666666667,0.833333333,1.5,25.83333333,0.5,7.333333333,4.333333333,0.166666667,0.333333333,0,2.666666667,9.5,0.833333333,0.666666667,0.166666667,8.166666667,4.5,0.666666667,0.166666667,24,203.8333333,14,26.5,0.166666667,41.5,8,4.666666667,1.666666667,0,6464
240,ê°ìêµ¬,ì¼ì°½ë,1150051000,142.25,45,0,7.5,2.5,0.75,34,1,16.25,5.75,1.75,0,0,3.75,19.5,3.25,4.25,0,20,9.25,2,1,37,1685,47.5,62.5,1.5,60,26,4.5,5.5,0,12834
241,ê°ìêµ¬,ë±ì´1ë,1150052000,62.33333333,30,1,5.333333333,1.666666667,2,27,0.666666667,7,5,0.666666667,0,0,1.666666667,12.33333333,1,0.666666667,0,12.33333333,6.333333333,1.666666667,0.333333333,29.33333333,449.3333333,26.33333333,46.66666667,0.333333333,39.66666667,13,4.666666667,0.666666667,1,11280
242,ê°ìêµ¬,ë±ì´2ë,1150053000,62.33333333,30,1,5.333333333,1.666666667,2,27,0.666666667,7,5,0.666666667,0,0,1.666666667,12.33333333,1,0.666666667,0,12.33333333,6.333333333,1.666666667,0.333333333,29.33333333,449.3333333,26.33333333,46.66666667,0.333333333,39.66666667,9,4.666666667,0.666666667,0,6573
243,ê°ìêµ¬,ë±ì´3ë,1150053500,62.33333333,30,1,5.333333333,1.666666667,2,27,0.666666667,7,5,0.666666667,0,0,1.666666667,12.33333333,1,0.666666667,0,12.33333333,6.333333333,1.666666667,0.333333333,29.33333333,449.3333333,26.33333333,46.66666667,0.333333333,39.66666667,30,4.666666667,0.666666667,0,8422
244,ê°ìêµ¬,íê³¡1ë,1150054000,42.625,20,0.125,2,0.25,0.25,40.125,0.5,3.5,4.75,0.375,1.125,0,2.25,11.125,2.875,0.625,0,7,2,0.75,0.125,26,168.5,21.875,32.875,0.25,40.625,13,2.75,1.75,0,20429
245,ê°ìêµ¬,íê³¡2ë,1150055000,42.625,20,0.125,2,0.25,0.25,40.125,0.5,3.5,4.75,0.375,1.125,0,2.25,11.125,2.875,0.625,0,7,2,0.75,0.125,26,168.5,21.875,32.875,0.25,40.625,15,2.75,1.75,0,5465
246,ê°ìêµ¬,íê³¡3ë,1150056000,42.625,20,0.125,2,0.25,0.25,40.125,0.5,3.5,4.75,0.375,1.125,0,2.25,11.125,2.875,0.625,0,7,2,0.75,0.125,26,168.5,21.875,32.875,0.25,40.625,4,2.75,1.75,0,6422
247,ê°ìêµ¬,íê³¡4ë,1150057000,42.625,20,0.125,2,0.25,0.25,40.125,0.5,3.5,4.75,0.375,1.125,0,2.25,11.125,2.875,0.625,0,7,2,0.75,0.125,26,168.5,21.875,32.875,0.25,40.625,13,2.75,1.75,0,6123
248,ê°ìêµ¬,íê³¡ë³¸ë,1150059000,42.625,20,0.125,2,0.25,0.25,40.125,0.5,3.5,4.75,0.375,1.125,0,2.25,11.125,2.875,0.625,0,7,2,0.75,0.125,26,168.5,21.875,32.875,0.25,40.625,18,2.75,1.75,0,12546
249,ê°ìêµ¬,íê³¡6ë,1150059100,42.625,20,0.125,2,0.25,0.25,40.125,0.5,3.5,4.75,0.375,1.125,0,2.25,11.125,2.875,0.625,0,7,2,0.75,0.125,26,168.5,21.875,32.875,0.25,40.625,19,2.75,1.75,0,8822
250,ê°ìêµ¬,íê³¡8ë,1150059300,42.625,20,0.125,2,0.25,0.25,40.125,0.5,3.5,4.75,0.375,1.125,0,2.25,11.125,2.875,0.625,0,7,2,0.75,0.125,26,168.5,21.875,32.875,0.25,40.625,14,2.75,1.75,0,7987
251,ê°ìêµ¬,ê°ì1ë,1150060300,66,52.5,0,3.5,1,1.25,33.75,0,21,5.25,1.25,0,0,2.25,13.25,2.25,0.75,0.5,20,3.25,1.75,0,34,674,34.5,85.25,0.5,53.75,36,4.5,3,0,17036
252,ê°ìêµ¬,ê°ì2ë,1150060400,10.25,5,0,1.5,0.5,0.75,8,0,5.25,2.75,0.75,0,0,0.75,4.5,0.25,0.25,0,5,1.25,0,0,9,337,9.5,11.5,0.5,15,6,0.5,1.5,0,3928
253,ê°ìêµ¬,ê°ì3ë,1150060500,10.25,5,0,1.5,0.5,0.75,8,0,5.25,2.75,0.75,0,0,0.75,4.5,0.25,0.25,0,5,1.25,0,0,9,337,9.5,11.5,0.5,15,11,0.5,1.5,0,4691
254,ê°ìêµ¬,ë°ì°1ë,1150061100,202.75,52.5,0.5,5,3,6.5,50.75,0.5,25.25,7,0.5,1,0,4.5,20.25,2.5,1.5,0.5,23,5,2.75,0,46,2359,55.5,111.75,0.5,80.25,45,7,3.5,0,8679
255,ê°ìêµ¬,ì°ì¥ì°ë,1150061500,188.625,25,0.625,5,2.75,6.25,63.125,1,10,7.25,0.375,2.125,0,5.25,22.625,3.375,1.625,0,15,5,1.75,0.125,43,842.5,52.375,66.875,0.75,82.125,21,4.75,3.75,0,10389
256,ê°ìêµ¬,ê³µí­ë,1150062000,91.75,60,0.75,5.5,3,1,62,0.5,24,9.75,3,0.75,0,3.5,21,3.5,2.25,0.5,20.75,5.5,2.25,0.5,66,5392,49.75,123,0.5,71.75,41,9.5,4,0,9799
257,ê°ìêµ¬,ë°©í1ë,1150063000,91.75,60,0.75,5.5,3,1,62,0.5,24,8.75,3,0.75,0,3.5,20,3.5,2.25,0.5,20.75,5.5,2.25,0.5,66,1348,48.75,120,0.5,69.75,24,9.5,4,0,11222
258,ê°ìêµ¬,ë°©í2ë,1150064000,27,12.5,1.25,2.5,1,0.5,40.75,0.5,8.25,4.75,2.5,0.25,0,1.5,7.25,0.5,1.75,0,3.75,2,0.5,0,18,1685,13.25,30.75,1.5,19.5,25,3.5,2.5,0,7261
259,ê°ìêµ¬,ë°©í3ë,1150064100,27,12.5,0.25,2.5,1,0.5,25.75,0.5,4.25,3.75,1.5,0.25,0,1.5,7.25,0.5,1.75,0,3.75,2,0.5,0,18,337,13.25,27.75,0.5,19.5,15,3.5,2.5,0,5973
260,êµ¬ë¡êµ¬,ì ëë¦¼ë,1153051000,102,40,1,4,1,1,78,0,9,5,2,0,1,5,13,0,2,1,8,7,3,1,34,1935,61,49,0,60,29,2,2,1,10498
261,êµ¬ë¡êµ¬,êµ¬ë¡1ë,1153052000,35.4,20,0.4,2.8,0.8,0.8,146.8,0.6,7.4,7.8,1,1.2,0.2,1.4,16.4,2,0.4,0,7.8,4,1.2,0.2,37.2,387,51.2,44.6,0,48,10,2.8,6.4,0,6607
262,êµ¬ë¡êµ¬,êµ¬ë¡2ë,1153053000,35.4,20,0.4,2.8,0.8,0.8,146.8,0.6,7.4,7.8,1,1.2,0.2,1.4,16.4,2,0.4,0,7.8,4,1.2,0.2,37.2,387,51.2,44.6,0,48,23,2.8,6.4,0,7804
263,êµ¬ë¡êµ¬,êµ¬ë¡3ë,1153054000,35.4,20,0.4,2.8,0.8,0.8,146.8,0.6,7.4,7.8,1,1.2,0.2,1.4,16.4,2,0.4,0,7.8,4,1.2,0.2,37.2,387,51.2,44.6,0,48,23,2.8,6.4,0,9567
264,êµ¬ë¡êµ¬,êµ¬ë¡4ë,1153055000,35.4,20,0.4,2.8,0.8,0.8,146.8,0.6,7.4,7.8,1,1.2,0.2,1.4,16.4,2,0.4,0,7.8,4,1.2,0.2,37.2,387,51.2,44.6,0,48,13,2.8,6.4,0,6501
265,êµ¬ë¡êµ¬,êµ¬ë¡5ë,1153056000,35.4,20,0.4,2.8,0.8,0.8,146.8,0.6,7.4,7.8,1,1.2,0.2,1.4,16.4,2,0.4,0,7.8,4,1.2,0.2,37.2,387,51.2,44.6,0,48,17,2.8,6.4,0,11293
266,êµ¬ë¡êµ¬,ê°ë¦¬ë´ë,1153059500,3,0,0,2,0,0,208,1,1,2,0,1,0,0,6,1,0,0,1,0,0,0,14,1935,11,9,0,13,4,0,0,0,3732
267,êµ¬ë¡êµ¬,ê³ ì²1ë,1153072000,46.5,50,2,5,1,1,157,0.5,5,3.5,0,1,0,2.5,11.5,0.5,1.5,1,6.5,7,0.5,0.5,33,967.5,42.5,23.5,0.5,36,21,2,10,0,6003
268,êµ¬ë¡êµ¬,ê³ ì²2ë,1153073000,46.5,50,2,5,1,1,157,0.5,5,3.5,0,1,0,2.5,11.5,0.5,1.5,1,6.5,7,0.5,0.5,33,967.5,42.5,23.5,0.5,36,22,2,10,0,6634
269,êµ¬ë¡êµ¬,ê°ë´1ë,1153074000,42.66666667,33.33333333,0,2.666666667,1,0,96.33333333,0.333333333,3.666666667,3,0,0.333333333,0,2,10,1,0.666666667,0,5,1.666666667,0,0,23.33333333,645,44,23.66666667,0.333333333,32.33333333,23,0.333333333,3.333333333,0,9706
270,êµ¬ë¡êµ¬,ê°ë´2ë,1153075000,42.66666667,33.33333333,0,2.666666667,1,0,96.33333333,0.333333333,3.666666667,3,0,0.333333333,0,2,10,1,0.666666667,0,5,1.666666667,0,0,23.33333333,645,44,23.66666667,0.333333333,32.33333333,17,0.333333333,3.333333333,0,8048
271,êµ¬ë¡êµ¬,ê°ë´3ë,1153076000,42.66666667,33.33333333,0,2.666666667,1,0,96.33333333,0.333333333,3.666666667,3,0,0.333333333,0,2,10,1,0.666666667,0,5,1.666666667,0,0,23.33333333,645,44,23.66666667,0.333333333,32.33333333,10,0.333333333,3.333333333,0,5244
272,êµ¬ë¡êµ¬,ì¤ë¥1ë,1153077000,29.5,10,0,3,0.5,0.5,144.5,0.5,6,4,1,0.5,0,1.5,8.5,0,0,0,5,1,1,0,27,967.5,38.5,19.5,0.5,29,9,0.5,3,0,8619
273,êµ¬ë¡êµ¬,ì¤ë¥2ë,1153078000,73.5,20,0,7,1.5,0.5,166.5,1.5,15,7,1,0.5,0,2.5,11.5,0,0,0,7,1,1,0,33,2902.5,58.5,29.5,0.5,42,29,1.5,3,0,9526
274,êµ¬ë¡êµ¬,ìê¶ë,1153079000,30,0,1,2,1,6,134,0,4,3,2,2,0,1,5,0,1,0,2,1,0,0,34,3870,17,21,1,14,28,0,0,0,6275
275,êµ¬ë¡êµ¬,í­ë,1153080000,34,100,0,2,1,1,13,0,15,0,0,0,0,2,1,0,0,0,4,0,0,0,21,1935,4,16,1,4,29,2,0,0,5119
276,ê¸ì²êµ¬,ê°ì°ë,1154551000,36,10,0,0,0,0,93,1,27,19,3,1,0,1,21,8,4,0,24,13,9,4,170,1876,19,212,0,82,72,9,12,0,13371
277,ê¸ì²êµ¬,ëì°1ë,1154561000,32.25,37.5,0.25,4.5,1.25,0.25,134.75,0.5,8.25,5.25,0,1.25,0,2.25,12.25,2.25,0.75,0,5.25,3.5,0.25,0,36.5,469,11,30.5,0.75,32,43,0.75,4,0,18066
278,ê¸ì²êµ¬,ëì°2ë,1154562000,32.25,37.5,0.25,4.5,1.25,0.25,134.75,0.5,8.25,5.25,0,1.25,0,2.25,12.25,2.25,0.75,0,5.25,3.5,0.25,0,36.5,469,11,30.5,0.75,32,4,0.75,4,0,5665
279,ê¸ì²êµ¬,ëì°3ë,1154563000,32.25,37.5,0.25,4.5,1.25,0.25,134.75,0.5,8.25,5.25,0,1.25,0,2.25,12.25,2.25,0.75,0,5.25,3.5,0.25,0,36.5,469,11,30.5,0.75,32,13,0.75,4,0,8206
280,ê¸ì²êµ¬,ëì°4ë,1154564000,32.25,37.5,0.25,4.5,1.25,0.25,134.75,0.5,8.25,5.25,0,1.25,0,2.25,12.25,2.25,0.75,0,5.25,3.5,0.25,0,36.5,469,11,30.5,0.75,32,9,0.75,4,0,4541
281,ê¸ì²êµ¬,ìí¥1ë,1154567000,31.6,20,0.2,3.6,0.8,1,89.8,0.4,4.4,3.2,0.2,0.8,0,1.4,12,0.4,0,0,4.6,1.2,0.4,0.2,20.4,375.2,12.6,17.6,0.2,31.8,23,1,2.4,0,9871
282,ê¸ì²êµ¬,ìí¥2ë,1154568000,31.6,20,0.2,3.6,0.8,1,89.8,0.4,4.4,3.2,0.2,0.8,0,1.4,12,0.4,0,0,4.6,1.2,0.4,0.2,20.4,375.2,12.6,17.6,0.2,31.8,14,1,2.4,0,4739
283,ê¸ì²êµ¬,ìí¥3ë,1154569000,31.6,20,0.2,3.6,0.8,1,89.8,0.4,4.4,3.2,0.2,0.8,0,1.4,12,0.4,0,0,4.6,1.2,0.4,0.2,20.4,375.2,12.6,17.6,0.2,31.8,14,1,2.4,0,2776
284,ê¸ì²êµ¬,ìí¥4ë,1154570000,31.6,20,0.2,3.6,0.8,1,89.8,0.4,4.4,3.2,0.2,0.8,0,1.4,12,0.4,0,0,4.6,1.2,0.4,0.2,20.4,375.2,12.6,17.6,0.2,31.8,13,1,2.4,0,5302
285,ê¸ì²êµ¬,ìí¥5ë,1154571000,31.6,20,0.2,3.6,0.8,1,89.8,0.4,4.4,3.2,0.2,0.8,0,1.4,12,0.4,0,0,4.6,1.2,0.4,0.2,20.4,375.2,12.6,17.6,0.2,31.8,19,1,2.4,0,4781
286,ìë±í¬êµ¬,ìë±í¬ë³¸ë,1156051500,39,32.85714286,0.285714286,2.714285714,0.928571429,0.714285714,44.57142857,0.785714286,6.357142857,3,0.928571429,1.714285714,0.5,2.214285714,11.28571429,0,0.5,0.5,4.857142857,2.428571429,0.142857143,0.142857143,25.71428571,2098.285714,25.71428571,27.35714286,0.5,29.5,13,4.642857143,1.714285714,1,6455
287,ìë±í¬êµ¬,ìë±í¬ë,1156053500,75,30,3,3,0.5,0,161,1.5,18.5,11,2.5,1,1.5,5.5,45,12,3.5,0.5,14,4,8,1,93,27744,101,147.5,1.5,119.5,18,23.5,16,1,15481
288,ìë±í¬êµ¬,ì¬ìë,1156054000,100,70,1,4,2,2,106,1,44,11,5,0,1,3,46,0,0,0,27,25,18,1,105,3264,80,255,2,170,33,40,8,0,8650
289,ìë±í¬êµ¬,ë¹ì°1ë,1156055000,31,0,0,0,0,0,33,0,5,6,2,1,0,1,9,3,0,0,8,4,1,0,48,9792,33,53,0,37,14,19,6,0,7833
290,ìë±í¬êµ¬,ë¹ì°2ë,1156056000,99,20,1,4,2,0,57,1,12,7,2,1,0,3,18,0,1,0,19,9,3,0,55,13056,70,67,1,85,20,6,2,2,15751
291,ìë±í¬êµ¬,ëë¦¼ë,1156058500,27,0,0,0,0,0,43,0,5,0,0,1,0,1,6,0,0,0,4,2,0,0,20,3264,16,20,0,16,17,1,4,0,6269
292,ìë±í¬êµ¬,ë¬¸ëë,1156060500,82,30,0,6,2,0,36,1,8,4,1,0,0,2,18,2,0,2,15,10,3,0,56,19584,78,87,0,61,25,20,8,1,9600
293,ìë±í¬êµ¬,ìí1ë,1156061000,28,0,0,2,0.5,1,35,1,10.5,4,1,0,0,2,5,0,0,0,5.5,3,1,0.5,27,8160,24.5,35,0,16.5,8,4,7,0,7697
294,ìë±í¬êµ¬,ìí2ë,1156062000,34,0,0,4,0.5,2,31,0,7.5,1,1,0,0,1,8,0,0,5,8.5,5,3,0.5,49,17952,22.5,48,0,27.5,17,10,3,0,9210
295,ìë±í¬êµ¬,ì ê¸¸1ë,1156063000,27,22.85714286,0.285714286,1.714285714,0.428571429,0.714285714,23.57142857,0.285714286,2.857142857,2,0.428571429,0.714285714,0,1.714285714,7.285714286,0,0,0,3.857142857,1.428571429,0.142857143,0.142857143,17.71428571,466.2857143,17.71428571,13.85714286,0,22,13,1.142857143,1.714285714,0,6840
296,ìë±í¬êµ¬,ì ê¸¸3ë,1156065000,27,22.85714286,0.285714286,1.714285714,0.428571429,0.714285714,23.57142857,0.285714286,2.857142857,2,0.428571429,0.714285714,0,1.714285714,7.285714286,0,0,0,3.857142857,1.428571429,0.142857143,0.142857143,17.71428571,466.2857143,17.71428571,13.85714286,0,22,14,1.142857143,1.714285714,0,4862
297,ìë±í¬êµ¬,ì ê¸¸4ë,1156066000,27,22.85714286,0.285714286,1.714285714,0.428571429,0.714285714,23.57142857,0.285714286,2.857142857,2,0.428571429,0.714285714,0,1.714285714,7.285714286,0,0,0,3.857142857,1.428571429,0.142857143,0.142857143,17.71428571,466.2857143,17.71428571,13.85714286,0,22,7,1.142857143,1.714285714,0,3567
298,ìë±í¬êµ¬,ì ê¸¸5ë,1156067000,42,40.35714286,0.285714286,4.214285714,1.178571429,0.714285714,53.32142857,0.785714286,5.357142857,2.75,0.678571429,1.214285714,0,2.214285714,18.03571429,0.75,0,0.5,5.107142857,3.428571429,0.142857143,0.142857143,32.21428571,1282.285714,38.46428571,29.10714286,0,47.75,12,2.392857143,4.214285714,0,2964
299,ìë±í¬êµ¬,ì ê¸¸6ë,1156068000,27,22.85714286,0.285714286,1.714285714,0.428571429,0.714285714,23.57142857,0.285714286,2.857142857,2,0.428571429,0.714285714,0,1.714285714,7.285714286,0,0,0,3.857142857,1.428571429,0.142857143,0.142857143,17.71428571,466.2857143,17.71428571,13.85714286,0,22,16,1.142857143,1.714285714,0,6402
300,ìë±í¬êµ¬,ì ê¸¸7ë,1156069000,27,22.85714286,0.285714286,1.714285714,0.428571429,0.714285714,23.57142857,0.285714286,2.857142857,2,0.428571429,0.714285714,0,1.714285714,7.285714286,0,0,0,3.857142857,1.428571429,0.142857143,0.142857143,17.71428571,466.2857143,17.71428571,13.85714286,0,22,17,1.142857143,1.714285714,1,6053
301,ìë±í¬êµ¬,ëë¦¼1ë,1156070000,15,17.5,0,2.5,0.75,0,29.75,0.5,2.5,0.75,0.25,0.5,0,0.5,10.75,0.75,0,0.5,1.25,2,0,0,14.5,816,20.75,15.25,0,25.75,10,1.25,2.5,0,4494
302,ìë±í¬êµ¬,ëë¦¼2ë,1156071000,15,17.5,0,2.5,0.75,0,29.75,0.5,2.5,0.75,0.25,0.5,0,0.5,10.75,0.75,0,0.5,1.25,2,0,0,14.5,816,20.75,15.25,0,25.75,7,1.25,2.5,0,4860
303,ìë±í¬êµ¬,ëë¦¼3ë,1156072000,15,17.5,0,2.5,0.75,0,29.75,0.5,2.5,0.75,0.25,0.5,0,0.5,10.75,0.75,0,0.5,1.25,2,0,0,14.5,816,20.75,15.25,0,25.75,20,1.25,2.5,0,7072
304,ëìêµ¬,ë¸ëì§1ë,1159051000,96,20,0.5,5,0,0,68,1,5,4.5,2,1.5,0,0.5,17,3.5,0,4,6.5,0,1,0.5,27,3801,9.5,43,0.5,26,28,3.5,0,0,11161
305,ëìêµ¬,ë¸ëì§2ë,1159052000,78,10,0.5,1,0,0,50,0,3,2.5,1,1.5,0,0.5,13,3.5,0,1,5.5,0,1,0.5,19,1267,6.5,39,0.5,21,6,3.5,0,0,4264
306,ëìêµ¬,ìë1ë,1159053000,65.25,17.5,0.25,3.5,1,0,92.5,0.25,3.25,8.25,1.5,1.25,0,3.25,18.75,0.5,0.25,0,7.75,2.5,1.75,0.25,44.5,3167.5,20,48.5,0.25,61.5,20,7.75,3,0,16715
307,ëìêµ¬,ìë2ë,1159054000,43.25,17.5,0.25,1.5,1,0,62.5,0.25,2.25,5.25,0.5,1.25,0,1.25,11.75,0.5,0.25,0,4.75,2.5,0.75,0.25,19.5,633.5,14,22.5,0.25,37.5,18,4.75,3,0,9079
308,ëìêµ¬,ìë3ë,1159055000,43.25,17.5,0.25,1.5,1,0,62.5,0.25,2.25,5.25,0.5,1.25,0,1.25,11.75,0.5,0.25,0,4.75,2.5,0.75,0.25,19.5,633.5,14,22.5,0.25,37.5,20,4.75,3,0,8287
309,ëìêµ¬,ìë4ë,1159056000,43.25,17.5,0.25,1.5,1,0,62.5,0.25,2.25,5.25,0.5,1.25,0,1.25,11.75,0.5,0.25,0,4.75,2.5,0.75,0.25,19.5,633.5,14,22.5,0.25,37.5,21,4.75,3,0,9369
310,ëìêµ¬,íìë,1159060500,58,50,0,6,2,0,60,0,11,8,1,0,0,2,24,2,0,0,5,3,1,1,22,2534,7,41,0,50,27,11,2,0,10751
311,ëìêµ¬,ì¬ë¹1ë,1159062000,38.2,18,0,2.4,0.6,0.2,38.8,0.4,2.4,2.4,1,0.8,0,1.6,8.6,1.6,0.2,0,3.2,1.8,0.6,0.2,17.2,506.8,11.8,24.8,0.2,39.6,8,3.4,1.2,0,10092
312,ëìêµ¬,ì¬ë¹2ë,1159063000,42.2,28,0,2.4,1.6,1.2,54.8,0.4,3.4,3.4,3,0.8,0,1.6,8.6,1.6,1.2,0,4.2,1.8,0.6,0.2,21.2,3040.8,11.8,27.8,1.2,39.6,11,3.4,1.2,0,8145
313,ëìêµ¬,ì¬ë¹3ë,1159064000,38.2,18,0,2.4,0.6,0.2,38.8,0.4,2.4,2.4,1,0.8,0,1.6,8.6,1.6,0.2,0,3.2,1.8,0.6,0.2,17.2,506.8,11.8,24.8,0.2,39.6,13,3.4,1.2,0,7157
314,ëìêµ¬,ì¬ë¹4ë,1159065000,38.2,18,0,2.4,0.6,0.2,38.8,0.4,2.4,2.4,1,0.8,0,1.6,8.6,1.6,0.2,0,3.2,1.8,0.6,0.2,17.2,506.8,11.8,24.8,0.2,39.6,2,3.4,1.2,0,4960
315,ëìêµ¬,ì¬ë¹5ë,1159065100,38.2,18,0,2.4,0.6,0.2,38.8,0.4,2.4,2.4,1,0.8,0,1.6,8.6,1.6,0.2,0,3.2,1.8,0.6,0.2,17.2,506.8,11.8,24.8,0.2,39.6,15,3.4,1.2,0,4771
316,ëìêµ¬,ëë°©ë,1159066000,138,30,0,6,5,5,70,2,10,6,2,1,0,2,17,2,2,0,13,5,0,0,29,2534,24,31,1,62,40,9,6,0,11651
317,ëìêµ¬,ì ëë°©1ë,1159067000,44.5,20,1.5,2,1,0.5,41,0.5,7,4,0.5,0.5,0,0,11,0.5,0.5,1,6.5,5,0.5,0,21,1267,12,32,0.5,32.5,6,4,1,0,6766
318,ëìêµ¬,ì ëë°©2ë,1159068000,44.5,20,1.5,2,1,0.5,41,0.5,7,4,0.5,0.5,0,0,11,0.5,0.5,1,6.5,5,0.5,0,21,1267,12,32,0.5,32.5,10,4,1,0,7235
319,ê´ìêµ¬,ë³´ë¼ë§¤ë,1162052500,41,21.11111111,0.444444444,2.222222222,0.777777778,1.111111111,36.44444444,0.333333333,5.222222222,3.888888889,0.333333333,0.555555556,0,1.666666667,11.11111111,0.555555556,0.333333333,0,7.888888889,2.888888889,0.777777778,0,28.22222222,282.4444444,16.55555556,31.22222222,0,40.22222222,14,3.222222222,2.888888889,0,9047
320,ê´ìêµ¬,ì²­ë¦¼ë,1162054500,41,21.11111111,0.444444444,2.222222222,0.777777778,1.111111111,36.44444444,0.333333333,5.222222222,3.888888889,0.333333333,0.555555556,0,1.666666667,11.11111111,0.555555556,0.333333333,0,7.888888889,2.888888889,0.777777778,0,28.22222222,282.4444444,16.55555556,31.22222222,0,40.22222222,6,3.222222222,2.888888889,0,4347
321,ê´ìêµ¬,ì±íë,1162056500,41,21.11111111,0.444444444,2.222222222,0.777777778,1.111111111,36.44444444,0.333333333,5.222222222,3.888888889,0.333333333,0.555555556,0,1.666666667,11.11111111,0.555555556,0.333333333,0,7.888888889,2.888888889,0.777777778,0,28.22222222,282.4444444,16.55555556,31.22222222,0,40.22222222,15,3.222222222,2.888888889,0,7478
322,ê´ìêµ¬,íì´ë,1162057500,41,21.11111111,0.444444444,2.222222222,0.777777778,1.111111111,36.44444444,0.333333333,5.222222222,3.888888889,0.333333333,0.555555556,0,1.666666667,11.11111111,0.555555556,0.333333333,0,7.888888889,2.888888889,0.777777778,0,28.22222222,282.4444444,16.55555556,31.22222222,0,40.22222222,6,3.222222222,2.888888889,0,13752
323,ê´ìêµ¬,ëì±ëë,1162058500,41,21.11111111,0.444444444,2.222222222,0.777777778,1.111111111,36.44444444,0.333333333,5.222222222,3.888888889,0.333333333,0.555555556,0,1.666666667,11.11111111,0.555555556,0.333333333,0,7.888888889,2.888888889,0.777777778,0,28.22222222,282.4444444,16.55555556,31.22222222,0,40.22222222,14,3.222222222,2.888888889,0,9481
324,ê´ìêµ¬,ì²­ë£¡ë,1162059500,41,21.11111111,0.444444444,2.222222222,0.777777778,1.111111111,36.44444444,0.333333333,5.222222222,3.888888889,0.333333333,0.555555556,0,1.666666667,11.11111111,0.555555556,0.333333333,0,7.888888889,2.888888889,0.777777778,0,28.22222222,282.4444444,16.55555556,31.22222222,0,40.22222222,8,3.222222222,2.888888889,0,19048
325,ê´ìêµ¬,ìì²ë,1162060500,41,21.11111111,0.444444444,2.222222222,0.777777778,1.111111111,36.44444444,0.333333333,5.222222222,3.888888889,0.333333333,0.555555556,0,1.666666667,11.11111111,0.555555556,0.333333333,0,7.888888889,2.888888889,0.777777778,0,28.22222222,282.4444444,16.55555556,31.22222222,0,40.22222222,22,3.222222222,2.888888889,0,10641
326,ê´ìêµ¬,ì¤ìë,1162061500,41,21.11111111,0.444444444,2.222222222,0.777777778,1.111111111,36.44444444,0.333333333,5.222222222,3.888888889,0.333333333,0.555555556,0,1.666666667,11.11111111,0.555555556,0.333333333,0,7.888888889,2.888888889,0.777777778,0,28.22222222,282.4444444,16.55555556,31.22222222,0,40.22222222,8,3.222222222,2.888888889,0,7657
327,ê´ìêµ¬,ì¸íë,1162062500,41,21.11111111,0.444444444,2.222222222,0.777777778,1.111111111,36.44444444,0.333333333,5.222222222,3.888888889,0.333333333,0.555555556,0,1.666666667,11.11111111,0.555555556,0.333333333,0,7.888888889,2.888888889,0.777777778,0,28.22222222,282.4444444,16.55555556,31.22222222,0,40.22222222,12,3.222222222,2.888888889,0,10980
328,ê´ìêµ¬,ë¨íë,1162063000,24,0,0,2,0,0,11,1,2,5,0,1,0,1,8,0,1,0,5,2,1,0,26,2542,14,25,0,29,9,1,2,0,7680
329,ê´ìêµ¬,ììë,1162064500,27.09090909,8.181818182,0.090909091,2,0.818181818,0.727272727,42.45454545,0.454545455,4.181818182,3.636363636,0.090909091,0.909090909,0,1.181818182,9.363636364,1.090909091,0.181818182,0,6,1.272727273,0.363636364,0.090909091,29.09090909,231.0909091,11.81818182,27.36363636,0.181818182,29.45454545,11,1.818181818,1.454545455,0,11357
330,ê´ìêµ¬,ì ìë,1162065500,27.09090909,8.181818182,0.090909091,2,0.818181818,0.727272727,42.45454545,0.454545455,4.181818182,3.636363636,0.090909091,0.909090909,0,1.181818182,9.363636364,1.090909091,0.181818182,0,6,1.272727273,0.363636364,0.090909091,29.09090909,231.0909091,11.81818182,27.36363636,0.181818182,29.45454545,6,1.818181818,1.454545455,1,7787
331,ê´ìêµ¬,ìë¦¼ë,1162066500,27.09090909,8.181818182,0.090909091,2,0.818181818,0.727272727,42.45454545,0.454545455,4.181818182,3.636363636,0.090909091,0.909090909,0,1.181818182,9.363636364,1.090909091,0.181818182,0,6,1.272727273,0.363636364,0.090909091,29.09090909,231.0909091,11.81818182,27.36363636,0.181818182,29.45454545,12,1.818181818,1.454545455,1,10491
332,ê´ìêµ¬,ì ì¬ë,1162068500,27.09090909,8.181818182,0.090909091,2,0.818181818,0.727272727,42.45454545,0.454545455,4.181818182,3.636363636,0.090909091,0.909090909,0,1.181818182,9.363636364,1.090909091,0.181818182,0,6,1.272727273,0.363636364,0.090909091,29.09090909,231.0909091,11.81818182,27.36363636,0.181818182,29.45454545,13,1.818181818,1.454545455,0,10398
333,ê´ìêµ¬,ì ë¦¼ë,1162069500,27.09090909,8.181818182,0.090909091,2,0.818181818,0.727272727,42.45454545,0.454545455,4.181818182,3.636363636,0.090909091,0.909090909,0,1.181818182,9.363636364,1.090909091,0.181818182,0,6,1.272727273,0.363636364,0.090909091,29.09090909,231.0909091,11.81818182,27.36363636,0.181818182,29.45454545,79,1.818181818,1.454545455,0,14890
334,ê´ìêµ¬,ëí¥ë,1162071500,27.09090909,8.181818182,0.090909091,2,0.818181818,0.727272727,42.45454545,0.454545455,4.181818182,3.636363636,0.090909091,0.909090909,0,1.181818182,9.363636364,1.090909091,0.181818182,0,6,1.272727273,0.363636364,0.090909091,29.09090909,231.0909091,11.81818182,27.36363636,0.181818182,29.45454545,9,1.818181818,1.454545455,0,3535
335,ê´ìêµ¬,ì¡°ìë,1162072500,27.09090909,8.181818182,0.090909091,2,0.818181818,0.727272727,42.45454545,0.454545455,4.181818182,3.636363636,0.090909091,0.909090909,0,1.181818182,9.363636364,1.090909091,0.181818182,0,6,1.272727273,0.363636364,0.090909091,29.09090909,231.0909091,11.81818182,27.36363636,0.181818182,29.45454545,14,1.818181818,1.454545455,0,7620
336,ê´ìêµ¬,ëíë,1162073500,27.09090909,8.181818182,0.090909091,2,0.818181818,0.727272727,42.45454545,0.454545455,4.181818182,3.636363636,0.090909091,0.909090909,0,1.181818182,9.363636364,1.090909091,0.181818182,0,6,1.272727273,0.363636364,0.090909091,29.09090909,231.0909091,11.81818182,27.36363636,0.181818182,29.45454545,29,1.818181818,1.454545455,1,12007
337,ê´ìêµ¬,ì¼ì±ë,1162074500,27.09090909,8.181818182,0.090909091,2,0.818181818,0.727272727,42.45454545,0.454545455,4.181818182,3.636363636,0.090909091,0.909090909,0,1.181818182,9.363636364,1.090909091,0.181818182,0,6,1.272727273,0.363636364,0.090909091,29.09090909,231.0909091,11.81818182,27.36363636,0.181818182,29.45454545,16,1.818181818,1.454545455,0,5050
338,ê´ìêµ¬,ë¯¸ì±ë,1162076500,27.09090909,8.181818182,0.090909091,2,0.818181818,0.727272727,42.45454545,0.454545455,4.181818182,3.636363636,0.090909091,0.909090909,0,1.181818182,9.363636364,1.090909091,0.181818182,0,6,1.272727273,0.363636364,0.090909091,29.09090909,231.0909091,11.81818182,27.36363636,0.181818182,29.45454545,18,1.818181818,1.454545455,0,9074
339,ê´ìêµ¬,ëê³¡ë,1162077500,27.09090909,8.181818182,0.090909091,2,0.818181818,0.727272727,42.45454545,0.454545455,4.181818182,3.636363636,0.090909091,0.909090909,0,1.181818182,9.363636364,1.090909091,0.181818182,0,6,1.272727273,0.363636364,0.090909091,29.09090909,231.0909091,11.81818182,27.36363636,0.181818182,29.45454545,9,1.818181818,1.454545455,0,7743
340,ìì´êµ¬,ìì´1ë,1165051000,129.75,45,0.25,3,0.75,1,41.25,0.75,7.25,9.25,1.5,0,0,3,28,2.5,1,0,30,16.75,5.25,0.75,60,1046.75,27.75,91.5,0,144.5,24,12.25,4.5,3,6408
341,ìì´êµ¬,ìì´2ë,1165052000,129.75,45,0.25,3,0.75,1,41.25,0.75,7.25,9.25,1.5,0,0,3,28,2.5,1,0,30,16.75,5.25,0.75,60,1046.75,27.75,91.5,0,144.5,30,12.25,4.5,2,8673
342,ìì´êµ¬,ìì´3ë,1165053000,199.5833333,68.33333333,0.416666667,4.666666667,1.416666667,1.666666667,62.91666667,1.25,12.25,12.08333333,1.833333333,0.333333333,0,5.833333333,36.16666667,3,1.166666667,0.333333333,39.33333333,22.41666667,6.75,0.916666667,82.5,1744.583333,43.91666667,126.5,0,181.8333333,42,17.91666667,5.833333333,2,11154
343,ìì´êµ¬,ìì´4ë,1165053100,129.75,45,0.25,3,0.75,1,41.25,0.75,7.25,9.25,1.5,0,0,3,28,2.5,1,0,30,16.75,5.25,0.75,60,1046.75,27.75,91.5,0,144.5,31,12.25,4.5,0,7031
344,ìì´êµ¬,ì ìë,1165054000,141.5,25,0,2,1,0,32,0,6.5,2.5,1,0,0.5,2.5,12,0.5,0,0,8,6.5,2.5,0,21,2093.5,29,31.5,0,72,21,2,3,0,6856
345,ìì´êµ¬,ë°í¬ë³¸ë,1165055000,107,22.5,1,2.5,1.5,0.75,28.75,0.5,6.25,3,1.75,0.5,0.25,2.75,11,0,0.5,1.25,9.75,6,2.25,0,23,1046.75,25.75,35.25,0,43.5,4,4.25,3,0,407
346,ìì´êµ¬,ë°í¬1ë,1165056000,107,22.5,1,2.5,1.5,0.75,28.75,0.5,6.25,3,1.75,0.5,0.25,2.75,11,0,0.5,1.25,9.75,6,2.25,0,23,1046.75,25.75,35.25,0,43.5,16,4.25,3,0,10054
347,ìì´êµ¬,ë°í¬2ë,1165057000,107,22.5,1,2.5,1.5,0.75,28.75,0.5,6.25,3,1.75,0.5,0.25,2.75,11,0,0.5,1.25,9.75,6,2.25,0,23,1046.75,25.75,35.25,0,43.5,13,4.25,3,0,2651
348,ìì´êµ¬,ë°í¬3ë,1165058000,141.5,25,0,2,1,0,32,0,6.5,2.5,1,0,0.5,2.5,12,0.5,0,0,8,6.5,2.5,0,21,2093.5,29,31.5,0,72,11,2,3,0,4831
349,ìì´êµ¬,ë°í¬4ë,1165058100,107,22.5,1,2.5,1.5,0.75,28.75,0.5,6.25,3,1.75,0.5,0.25,2.75,11,0,0.5,1.25,9.75,6,2.25,0,23,1046.75,25.75,35.25,0,43.5,18,4.25,3,0,4794
350,ìì´êµ¬,ë°©ë°°ë³¸ë,1165059000,69.83333333,23.33333333,0.166666667,1.666666667,0.666666667,0.666666667,21.66666667,0.5,5,2.833333333,0.333333333,0.333333333,0,2.833333333,8.166666667,0.5,0.166666667,0.333333333,9.333333333,5.666666667,1.5,0.166666667,22.5,697.8333333,16.16666667,35,0,37.33333333,14,5.666666667,1.333333333,0,4991
351,ìì´êµ¬,ë°©ë°°1ë,1165060000,69.83333333,23.33333333,0.166666667,1.666666667,0.666666667,0.666666667,21.66666667,0.5,5,2.833333333,0.333333333,0.333333333,0,2.833333333,8.166666667,0.5,0.166666667,0.333333333,9.333333333,5.666666667,1.5,0.166666667,22.5,697.8333333,16.16666667,35,0,37.33333333,14,5.666666667,1.333333333,0,5216
352,ìì´êµ¬,ë°©ë°°2ë,1165061000,69.83333333,23.33333333,0.166666667,1.666666667,0.666666667,0.666666667,21.66666667,0.5,5,2.833333333,0.333333333,0.333333333,0,2.833333333,8.166666667,0.5,0.166666667,0.333333333,9.333333333,5.666666667,1.5,0.166666667,22.5,697.8333333,16.16666667,35,0,37.33333333,20,5.666666667,1.333333333,0,5569
353,ìì´êµ¬,ë°©ë°°3ë,1165062000,69.83333333,23.33333333,0.166666667,1.666666667,0.666666667,0.666666667,21.66666667,0.5,5,2.833333333,0.333333333,0.333333333,0,2.833333333,8.166666667,0.5,0.166666667,0.333333333,9.333333333,5.666666667,1.5,0.166666667,22.5,697.8333333,16.16666667,35,0,37.33333333,26,5.666666667,1.333333333,0,4735
354,ìì´êµ¬,ë°©ë°°4ë,1165062100,69.83333333,23.33333333,0.166666667,1.666666667,0.666666667,0.666666667,21.66666667,0.5,5,2.833333333,0.333333333,0.333333333,0,2.833333333,8.166666667,0.5,0.166666667,0.333333333,9.333333333,5.666666667,1.5,0.166666667,22.5,697.8333333,16.16666667,35,0,37.33333333,18,5.666666667,1.333333333,0,6391
355,ìì´êµ¬,ìì¬1ë,1165065100,123.5,35,0.5,8,2.5,0.5,55.5,1.5,20,12,0.5,1.5,0,4.5,21,1,0.5,0.5,18,10.5,1.5,1,72,6280.5,56,108,2,72,46,9,3,0,11575
356,ìì´êµ¬,ìì¬2ë,1165065200,52.5,15,0.5,2,0.5,0.5,33.5,0.5,13,9,0.5,1.5,0,2.5,13,1,0.5,0.5,10,9.5,1.5,1,52,6280.5,27,80,2,46,32,8,3,0,7679
357,ìì´êµ¬,ë´ê³¡ë,1165066000,26,30,0,2,1,0,13,1,18,0,1,0,0,1,3,0,0,0,0,0,1,0,14,12561,22,28,2,18,35,2,0,0,4340
358,ê°ë¨êµ¬,ì ì¬ë,1168051000,253,5,0,2,1.5,1.5,144,1,6.5,4,1.5,0.5,1.5,5,38,2,0,0,29.5,14.5,4,1,65.5,7518,8.5,130,0.5,241,26,6.5,7,3,4405
359,ê°ë¨êµ¬,ë¼í1ë,1168052100,89,5,0.5,2,0.5,0,251,1,5.5,12,1.5,0.5,0,5.5,39.5,1,0,0,38.5,24,5,1,102.5,3759,4,135.5,0,188,7,5,9,0,10224
360,ê°ë¨êµ¬,ë¼í2ë,1168053100,89,5,0.5,2,0.5,0,251,1,5.5,12,1.5,0.5,0,5.5,39.5,1,0,0,38.5,24,5,1,102.5,3759,4,135.5,0,188,4,5,9,0,7852
361,ê°ë¨êµ¬,ìêµ¬ì ë,1168054500,253,5,0,2,1.5,1.5,144,1,6.5,4,1.5,0.5,1.5,5,38,2,0,0,29.5,14.5,4,1,65.5,7518,8.5,130,0.5,241,13,6.5,7,0,6050
362,ê°ë¨êµ¬,ì²­ë´ë,1168056500,119,10,0,4,1,1,214,1,5,3,1,0,1,12,25,0,3,0,60,28,6,1,82,7518,5,101,1,228,23,4,4,0,7662
363,ê°ë¨êµ¬,ì¼ì±1ë,1168058000,70.5,20,1.5,2,1.5,0.5,148,1,9,9.5,4.5,0,0.5,4,15,2,0,0,19,19.5,7.5,1,71,3759,1,114,0.5,95.5,20,5.5,8,0,3689
364,ê°ë¨êµ¬,ì¼ì±2ë,1168059000,70.5,20,1.5,2,1.5,0.5,148,1,9,9.5,4.5,0,0.5,4,15,2,0,0,19,19.5,7.5,1,71,3759,1,114,0.5,95.5,6,5.5,8,1,8802
365,ê°ë¨êµ¬,ëì¹1ë,1168060000,405,20,0,2,1.25,1,91.75,0.5,5,5,1,0.5,0.25,2,14,0.25,0.25,0,14.5,13,4,0.25,42,1879.5,2.75,62.5,0,74.25,11,3.5,2.5,0,3784
366,ê°ë¨êµ¬,ëì¹2ë,1168061000,405,20,0,2,1.25,1,91.75,0.5,5,5,1,0.5,0.25,2,14,0.25,0.25,0,14.5,13,4,0.25,42,1879.5,2.75,62.5,0,74.25,18,3.5,2.5,0,7729
367,ê°ë¨êµ¬,ëì¹4ë,1168063000,405,20,0,2,1.25,1,91.75,0.5,5,5,1,0.5,0.25,2,14,0.25,0.25,0,14.5,13,4,0.25,42,1879.5,2.75,62.5,0,74.25,8,3.5,2.5,0,6698
368,ê°ë¨êµ¬,ì­ì¼1ë,1168064000,194,30,0.5,2,1,0.5,215,0.5,11.5,19,2,1,0,7.5,50,5.5,1,0,45,32.5,12,1,162,3759,7,251.5,0,255,28,14,6,3,18216
369,ê°ë¨êµ¬,ì­ì¼2ë,1168065000,194,30,0.5,2,1,0.5,215,0.5,11.5,19,2,1,0,7.5,50,5.5,1,0,45,32.5,12,1,162,3759,7,251.5,0,255,15,14,6,0,9373
370,ê°ë¨êµ¬,ëê³¡1ë,1168065500,81,0,0,2,2,1.5,83,0,4.5,3.5,1.5,1,0,2.5,17,0,0.5,0,13.5,12,1,0,26.5,3759,4.5,41.5,0.5,68,23,2.5,2,0,5812
371,ê°ë¨êµ¬,ëê³¡2ë,1168065600,81,0,0,2,2,1.5,83,0,4.5,3.5,1.5,1,0,2.5,17,0,0.5,0,13.5,12,1,0,26.5,3759,4.5,41.5,0.5,68,14,2.5,2,0,7094
372,ê°ë¨êµ¬,ê°í¬1ë,1168066000,48.75,7.5,0.25,2.5,0.5,1,82.5,0.25,5.5,2.75,0.5,0,0,2,7,0.25,0,0,3,3.5,0.25,0,14.5,1879.5,3.25,17.25,0,24.25,13,1.5,1,0,1342
373,ê°ë¨êµ¬,ê°í¬2ë,1168067000,75.25,15,0.25,4.5,1,2.25,107.25,0.5,8.25,3.5,1,0.25,0,3,14.75,0.25,0.25,0,4.75,6.75,0.25,0,21,3759,4.25,26.5,0.25,36.75,20,2.25,1.5,0,6801
374,ê°ë¨êµ¬,ê°í¬4ë,1168069000,48.75,7.5,0.25,2.5,0.5,1,82.5,0.25,5.5,2.75,0.5,0,0,2,7,0.25,0,0,3,3.5,0.25,0,14.5,1879.5,3.25,17.25,0,24.25,19,1.5,1,0,6924
375,ê°ë¨êµ¬,ì¸ê³¡ë,1168070000,87,30,0,8,1,1,97,1,19,4,0,0,0,4,11,0,3,0,4,4,1,0,46,22554,7,40,1,34,34,3,0,0,11473
376,ê°ë¨êµ¬,ì¼ìë³¸ë,1168072000,35.83333333,14.16666667,0.333333333,3.333333333,1.166666667,1.916666667,48.08333333,0.583333333,4.75,2.083333333,1.166666667,0.25,0,1.333333333,12.41666667,0,0.25,0,3.083333333,5.25,0.666666667,0,15.16666667,4385.5,1.333333333,21.25,0.583333333,26.83333333,19,1.083333333,0.5,0,5212
377,ê°ë¨êµ¬,ì¼ì1ë,1168073000,35.83333333,14.16666667,0.333333333,3.333333333,1.166666667,1.916666667,48.08333333,0.583333333,4.75,2.083333333,1.166666667,0.25,0,1.333333333,12.41666667,0,0.25,0,3.083333333,5.25,0.666666667,0,15.16666667,4385.5,1.333333333,21.25,0.583333333,26.83333333,9,1.083333333,0.5,0,4335
378,ê°ë¨êµ¬,ì¼ì2ë,1168074000,480.25,35,0.25,6.5,2.25,3.25,199,1,13.25,8.5,2,0.75,0.25,5,28.75,0.5,0.5,0,19.25,19.75,4.25,0.25,63,5638.5,7,89,0.25,111,7,5.75,4,0,4299
379,ê°ë¨êµ¬,ììë,1168075000,9.333333333,6.666666667,0.333333333,1.333333333,0.666666667,0.666666667,23.33333333,0.333333333,2,1.333333333,0.666666667,0,0,0.333333333,4.666666667,0,0,0,1.333333333,2,0.666666667,0,8.666666667,2506,0.333333333,12,0.333333333,14.33333333,14,0.333333333,0,0,3565
380,ì¡íêµ¬,íë©1ë,1171051000,45.5,20,0,3,1.5,0.5,13.5,0,7.5,1.5,0,0,0,1,17.5,0,0,0,3,1.5,0,0,11,1049.5,3,11,0,22,5,2.5,2,0,3460
381,ì¡íêµ¬,íë©2ë,1171052000,45.5,20,0,3,1.5,0.5,13.5,0,7.5,1.5,0,0,0,1,17.5,0,0,0,3,1.5,0,0,11,1049.5,3,11,0,22,21,2.5,2,0,7815
382,ì¡íêµ¬,ê±°ì¬1ë,1171053100,33,66.66666667,0,1.666666667,0.666666667,0.333333333,4.333333333,0,4.333333333,0.666666667,0.333333333,0.666666667,0,2,6,0,0,0,3.666666667,1.666666667,0.333333333,0,10.66666667,699.6666667,6.333333333,8.666666667,0,22,3,1,0.666666667,0,3515
383,ì¡íêµ¬,ê±°ì¬2ë,1171053200,33,66.66666667,0,1.666666667,0.666666667,0.333333333,4.333333333,0,4.333333333,0.666666667,0.333333333,0.666666667,0,2,6,0,0,0,3.666666667,1.666666667,0.333333333,0,10.66666667,699.6666667,6.333333333,8.666666667,0,22,9,1,0.666666667,0,4853
384,ì¡íêµ¬,ë§ì²1ë,1171054000,25.5,0,2,2,0,0,12.5,0.5,5,3.5,0.5,0.5,0,1,11,0.5,0,0,1,1.5,0.5,0,10,1049.5,7,10.5,0.5,29.5,8,0,2,0,4426
385,ì¡íêµ¬,ë§ì²2ë,1171055000,25.5,0,2,2,0,0,12.5,0.5,5,3.5,0.5,0.5,0,1,11,0.5,0,0,1,1.5,0.5,0,10,1049.5,7,10.5,0.5,29.5,4,0,2,0,4519
386,ì¡íêµ¬,ë°©ì´1ë,1171056100,90.66666667,13.33333333,0.333333333,2.666666667,1.666666667,1.333333333,9.666666667,0.333333333,9,3.666666667,0.666666667,0.333333333,0,2,12.66666667,0.666666667,2,0.333333333,10.33333333,5.666666667,1.333333333,0,20.66666667,699.6666667,6.666666667,27,0.333333333,41.33333333,4,3,2,0,4628
387,ì¡íêµ¬,ë°©ì´2ë,1171056200,90.66666667,13.33333333,0.333333333,2.666666667,1.666666667,1.333333333,9.666666667,0.333333333,9,3.666666667,0.666666667,0.333333333,0,2,12.66666667,0.666666667,2,0.333333333,10.33333333,5.666666667,1.333333333,0,20.66666667,699.6666667,6.666666667,27,0.333333333,41.33333333,8,3,2,0,11909
388,ì¡íêµ¬,ì¤ë¥ë,1171056600,90.66666667,13.33333333,0.333333333,2.666666667,1.666666667,1.333333333,9.666666667,0.333333333,9,3.666666667,0.666666667,0.333333333,0,2,12.66666667,0.666666667,2,0.333333333,10.33333333,5.666666667,1.333333333,0,20.66666667,699.6666667,6.666666667,27,0.333333333,41.33333333,15,3,2,0,3778
389,ì¡íêµ¬,ì¤ê¸ë,1171057000,148,70,0,6,5,2,25,1,13,4,2,0,0,8,14,0,0,0,12,13,1,0,32,2099,5,28,1,42,24,1,4,0,10755
390,ì¡íêµ¬,ì¡í1ë,1171058000,82,15,0,2,1,1.5,11.5,0,4.5,3,0,0.5,0,4.5,13.5,0,0,0,15.5,4.5,1,0.5,19,1049.5,8,34.5,0,45.5,7,2,3,0,9812
391,ì¡íêµ¬,ì¡í2ë,1171059000,82,15,0,2,1,1.5,11.5,0,4.5,3,0,0.5,0,4.5,13.5,0,0,0,15.5,4.5,1,0.5,19,1049.5,8,34.5,0,45.5,6,2,3,0,5387
392,ì¡íêµ¬,ìì´ë,1171060000,112,30,0,2,0,0,21,0,3,5,1,1,0,5,28,3,1,0,18,6,1,0,38,2099,15,39,0,87,14,4,4,1,12372
393,ì¡íêµ¬,ì¼ì ë,1171061000,127,20,0,2,1,1,14,1,5,5,0,2,0,5,16,0,0,0,19,8,1,0,28,2099,11,30,0,56,10,3,2,0,11743
394,ì¡íêµ¬,ê°ë½ë³¸ë,1171062000,73.66666667,53.33333333,0.333333333,4,1.333333333,0,12.66666667,0.333333333,6,3,1.666666667,0.333333333,0,1.666666667,17.66666667,0.666666667,0.333333333,0,6.666666667,6.333333333,1.333333333,0.333333333,18,699.6666667,10.33333333,33.66666667,0,57.33333333,10,3,3.333333333,0,8611
395,ì¡íêµ¬,ê°ë½1ë,1171063100,73.66666667,53.33333333,0.333333333,4,1.333333333,0,12.66666667,0.333333333,6,3,1.666666667,0.333333333,0,1.666666667,17.66666667,0.666666667,0.333333333,0,6.666666667,6.333333333,1.333333333,0.333333333,18,699.6666667,10.33333333,33.66666667,0,57.33333333,8,3,3.333333333,0,7942
396,ì¡íêµ¬,ê°ë½2ë,1171063200,73.66666667,53.33333333,0.333333333,4,1.333333333,0,12.66666667,0.333333333,6,3,1.666666667,0.333333333,0,1.666666667,17.66666667,0.666666667,0.333333333,0,6.666666667,6.333333333,1.333333333,0.333333333,18,699.6666667,10.33333333,33.66666667,0,57.33333333,8,3,3.333333333,1,9110
397,ì¡íêµ¬,ë¬¸ì 1ë,1171064100,53,16.66666667,0,2,0.333333333,0.333333333,5,0.333333333,9,5.666666667,0.333333333,0.666666667,0,2.666666667,8.333333333,0.666666667,0.666666667,0,11.66666667,5.333333333,1.666666667,0,21.33333333,699.6666667,6,52.33333333,0.333333333,29,7,2.333333333,2.666666667,0,6579
398,ì¡íêµ¬,ë¬¸ì 2ë,1171064200,94.66666667,60,0,4,1,0.666666667,8.333333333,1,16.66666667,7.666666667,1.333333333,0.666666667,0,3.333333333,11.66666667,1,1,0,14.33333333,5.333333333,2,0,27.33333333,1399.333333,10.33333333,61.33333333,0.666666667,40.66666667,14,3.666666667,2.666666667,0,12511
399,ì¡íêµ¬,ì¥ì§ë,1171064600,94.66666667,60,0,4,1,0.666666667,8.333333333,1,16.66666667,7.666666667,1.333333333,0.666666667,0,3.333333333,11.66666667,1,1,0,14.33333333,5.333333333,2,0,27.33333333,1399.333333,10.33333333,61.33333333,0.666666667,40.66666667,43,3.666666667,2.666666667,1,8670
400,ì¡íêµ¬,ìë¡ë,1171064700,74.66666667,110,0,3.666666667,1.333333333,0.666666667,7.666666667,0.666666667,12,2.666666667,1.333333333,0.666666667,0,2.666666667,9.333333333,0.333333333,0.333333333,0,6.333333333,1.666666667,0.666666667,0,16.66666667,1399.333333,10.66666667,17.66666667,0.333333333,33.66666667,2,2.333333333,0.666666667,0,10459
401,ì¡íêµ¬,ì ì¤ë³¸ë,1171065000,70,0,0.5,3.5,1,1,12,0.25,7.5,2.75,1,0,0.25,2.5,13.5,3.5,0.75,3,10.5,3.75,0.75,0.5,12,524.75,9,27.5,0.5,60.25,10,2.5,4.5,0,11216
402,ì¡íêµ¬,ì ì¤2ë,1171067000,70,0,0.5,3.5,1,1,12,0.25,7.5,2.75,1,0,0.25,2.5,13.5,3.5,0.75,3,10.5,3.75,0.75,0.5,12,524.75,9,27.5,0.5,60.25,7,2.5,4.5,0,6814
403,ì¡íêµ¬,ì ì¤3ë,1171068000,70,0,0.5,3.5,1,1,12,0.25,7.5,2.75,1,0,0.25,2.5,13.5,3.5,0.75,3,10.5,3.75,0.75,0.5,12,524.75,9,27.5,0.5,60.25,20,2.5,4.5,0,7657
404,ì¡íêµ¬,ì ì¤4ë,1171069000,54.5,10,0,3,0.5,0.5,11,0.5,7,3.5,1.5,0,0.5,1.5,18.5,1,0.5,0,7.5,2.5,1.5,0,7,1049.5,6,31.5,0,56.5,5,4.5,6,0,4692
405,ì¡íêµ¬,ì ì¤6ë,1171071000,54.5,10,0,3,0.5,0.5,11,0.5,7,3.5,1.5,0,0.5,1.5,18.5,1,0.5,0,7.5,2.5,1.5,0,7,1049.5,6,31.5,0,56.5,11,4.5,6,0,4116
406,ì¡íêµ¬,ì ì¤7ë,1171072000,70,0,0.5,3.5,1,1,12,0.25,7.5,2.75,1,0,0.25,2.5,13.5,3.5,0.75,3,10.5,3.75,0.75,0.5,12,524.75,9,27.5,0.5,60.25,2,2.5,4.5,0,2164
407,ê°ëêµ¬,ê°ì¼ë,1174051500,80,70,0,6,6,1,16,1,15,10,0,0,0,2,9,0,0,0,3,1,1,0,32,4327,9,16,0,31,40,2,0,0,8310
408,ê°ëêµ¬,ìì¼1ë,1174052500,18.5,65,0,4,1,2.5,20.5,0.5,6,1,0.5,0,0,1,5.5,0,0,0,2.5,3,0.5,0.5,16,2163.5,10,19.5,0.5,14,13.5,1,0,0,9775
409,ê°ëêµ¬,ìì¼2ë,1174052600,18.5,65,0,4,1,2.5,20.5,0.5,6,1,0.5,0,0,1,5.5,0,0,0,2.5,3,0.5,0.5,16,2163.5,10,19.5,0.5,14,13.5,1,0,0,2193
410,ê°ëêµ¬,ëªì¼1ë,1174053000,171.5,10,0,3,0,0.5,29,0.5,6.5,5.5,1,1,0,2,20.5,1.5,1.5,0,8.5,6,1.5,0,20,2163.5,4.5,35,0.5,72,10,3,4,0,7023
411,ê°ëêµ¬,ëªì¼2ë,1174054000,171.5,10,0,3,0,0.5,29,0.5,6.5,5.5,1,1,0,2,20.5,1.5,1.5,0,8.5,6,1.5,0,20,2163.5,4.5,35,0.5,72,12,3,4,0,4208
412,ê°ëêµ¬,ê³ ë1ë,1174055000,55,40,0.5,4,1.5,1.5,45,0.5,7.5,1,0.5,0,0,2,6.5,0,0.5,0,3,0.5,0.5,0,14,2163.5,3.5,23,0.5,23.5,14,1.5,1,0,5111
413,ê°ëêµ¬,ê³ ë2ë,1174056000,55,40,0.5,4,1.5,1.5,45,0.5,7.5,1,0.5,0,0,2,6.5,0,0.5,0,3,0.5,0.5,0,14,2163.5,3.5,23,0.5,23.5,11,1.5,1,0,6015
414,ê°ëêµ¬,ìì¬1ë,1174057000,65.66666667,10,0.333333333,2,0.666666667,0.333333333,44.33333333,0.333333333,3.666666667,1.333333333,0.333333333,0.666666667,0,1.666666667,7.333333333,0.333333333,1.333333333,0,5.333333333,2.666666667,0.333333333,0,22,1442.333333,3.666666667,23.33333333,0,30,8,0.666666667,2,0,9760
415,ê°ëêµ¬,ìì¬2ë,1174058000,65.66666667,10,0.333333333,2,0.666666667,0.333333333,44.33333333,0.333333333,3.666666667,1.333333333,0.333333333,0.666666667,0,1.666666667,7.333333333,0.333333333,1.333333333,0,5.333333333,2.666666667,0.333333333,0,22,1442.333333,3.666666667,23.33333333,0,30,11,0.666666667,2,0,4706
416,ê°ëêµ¬,ìì¬3ë,1174059000,65.66666667,10,0.333333333,2,0.666666667,0.333333333,44.33333333,0.333333333,3.666666667,1.333333333,0.333333333,0.666666667,0,1.666666667,7.333333333,0.333333333,1.333333333,0,5.333333333,2.666666667,0.333333333,0,22,1442.333333,3.666666667,23.33333333,0,30,14,0.666666667,2,0,4265
417,ê°ëêµ¬,ì²í¸1ë,1174060000,41.33333333,23.33333333,0.333333333,2,1.333333333,0.333333333,88.66666667,0.333333333,5,5.666666667,1,1,0.333333333,1.333333333,17,4.333333333,2,0,4.666666667,2.333333333,1.333333333,0.333333333,45.33333333,1442.333333,4,43.66666667,0.333333333,65.66666667,9,2.333333333,2.666666667,0,7680
418,ê°ëêµ¬,ì²í¸2ë,1174061000,41.33333333,23.33333333,0.333333333,2,1.333333333,0.333333333,88.66666667,0.333333333,5,5.666666667,1,1,0.333333333,1.333333333,17,4.333333333,2,0,4.666666667,2.333333333,1.333333333,0.333333333,45.33333333,1442.333333,4,43.66666667,0.333333333,65.66666667,14,2.333333333,2.666666667,0,11205
419,ê°ëêµ¬,ì²í¸3ë,1174062000,41.33333333,23.33333333,0.333333333,2,1.333333333,0.333333333,88.66666667,0.333333333,5,5.666666667,1,1,0.333333333,1.333333333,17,4.333333333,2,0,4.666666667,2.333333333,1.333333333,0.333333333,45.33333333,1442.333333,4,43.66666667,0.333333333,65.66666667,4,2.333333333,2.666666667,0,9510
420,ê°ëêµ¬,ì±ë´1ë,1174064000,63.33333333,16.66666667,1,1.333333333,0.333333333,0,52,0.333333333,6,6.666666667,0.333333333,0.666666667,0,2.666666667,12.66666667,1.666666667,0.666666667,0,10,4.666666667,1.333333333,0,38.66666667,1442.333333,4,47.66666667,0,59.33333333,5,2.333333333,3.333333333,0,5936
421,ê°ëêµ¬,ì±ë´2ë,1174065000,63.33333333,16.66666667,1,1.333333333,0.333333333,0,52,0.333333333,6,6.666666667,0.333333333,0.666666667,0,2.666666667,12.66666667,1.666666667,0.666666667,0,10,4.666666667,1.333333333,0,38.66666667,1442.333333,4,47.66666667,0,59.33333333,11,2.333333333,3.333333333,0,8130
422,ê°ëêµ¬,ì±ë´3ë,1174066000,63.33333333,16.66666667,1,1.333333333,0.333333333,0,52,0.333333333,6,6.666666667,0.333333333,0.666666667,0,2.666666667,12.66666667,1.666666667,0.666666667,0,10,4.666666667,1.333333333,0,38.66666667,1442.333333,4,47.66666667,0,59.33333333,9,2.333333333,3.333333333,0,7120
423,ê°ëêµ¬,ê¸¸ë,1174068500,100,20,1,6,1,0,119,0,9,10,1,1,0,8,35,3,1,0,18,9,2,0,76,4327,10,63,1,120,28,1,8,0,14486
424,ê°ëêµ¬,ëì´1ë,1174069000,38,0,0,2,1.5,1,32.5,1,5.5,2,0.5,0,0,1.5,10,0,0,0,4,3,0,0.5,17,2163.5,0,17.5,1,14.5,4,0.5,0,0,33
425,ê°ëêµ¬,ëì´2ë,1174070000,38,0,0,2,1.5,1,32.5,1,5.5,2,0.5,0,0,1.5,10,0,0,0,4,3,0,0.5,17,2163.5,0,17.5,1,14.5,20,0.5,0,0,7001
